2,"Wall St. Bears Claw Back Into the Black (Reuters) Reuters - Short-sellers, Wall Street's dwindling\band of ultra-cynics, are seeing green again.",2
2,"Carlyle Looks Toward Commercial Aerospace (Reuters) Reuters - Private investment firm Carlyle Group,\which has a reputation for making well-timed and occasionally\controversial plays in the defense industry, has quietly placed\its bets on another part of the market.",2
2,Oil and Economy Cloud Stocks' Outlook (Reuters) Reuters - Soaring crude prices plus worries\about the economy and the outlook for earnings are expected to\hang over the stock market next week during the depth of the\summer doldrums.,2
2,"Iraq Halts Oil Exports from Main Southern Pipeline (Reuters) Reuters - Authorities have halted oil export\flows from the main pipeline in southern Iraq after\intelligence showed a rebel militia could strike\infrastructure, an oil official said on Saturday.",2
2,"Oil prices soar to all-time record, posing new menace to US economy (AFP) AFP - Tearaway world oil prices, toppling records and straining wallets, present a new economic menace barely three months before the US presidential elections.",2
2,"Stocks End Up, But Near Year Lows (Reuters) Reuters - Stocks ended slightly higher on Friday\but stayed near lows for the year as oil prices surged past  #36;46\a barrel, offsetting a positive outlook from computer maker\Dell Inc. (DELL.O)",2
2,"Money Funds Fell in Latest Week (AP) AP - Assets of the nation's retail money market mutual funds fell by  #36;1.17 billion in the latest week to  #36;849.98 trillion, the Investment Company Institute said Thursday.",2
2,"Fed minutes show dissent over inflation (USATODAY.com) USATODAY.com - Retail sales bounced back a bit in July, and new claims for jobless benefits fell last week, the government said Thursday, indicating the economy is improving from a midsummer slump.",2
2,"Safety Net (Forbes.com) Forbes.com - After earning a PH.D. in Sociology, Danny Bazil Riley started to work as the general manager at a commercial real estate firm at an annual base salary of  #36;70,000. Soon after, a financial planner stopped by his desk to drop off brochures about insurance benefits available through his employer. But, at 32, ""buying insurance was the furthest thing from my mind,"" says Riley.",2
2,"Wall St. Bears Claw Back Into the Black  NEW YORK (Reuters) - Short-sellers, Wall Street's dwindling  band of ultra-cynics, are seeing green again.",2
2,Oil and Economy Cloud Stocks' Outlook  NEW YORK (Reuters) - Soaring crude prices plus worries  about the economy and the outlook for earnings are expected to  hang over the stock market next week during the depth of the  summer doldrums.,2
2,"No Need for OPEC to Pump More-Iran Gov  TEHRAN (Reuters) - OPEC can do nothing to douse scorching  oil prices when markets are already oversupplied by 2.8 million  barrels per day (bpd) of crude, Iran's OPEC governor said  Saturday, warning that prices could fall sharply.",2
2,"Non-OPEC Nations Should Up Output-Purnomo  JAKARTA (Reuters) - Non-OPEC oil exporters should consider  increasing output to cool record crude prices, OPEC President  Purnomo Yusgiantoro said on Sunday.",2
2,Google IPO Auction Off to Rocky Start  WASHINGTON/NEW YORK (Reuters) - The auction for Google  Inc.'s highly anticipated initial public offering got off to a  rocky start on Friday after the Web search company sidestepped  a bullet from U.S. securities regulators.,2
2,Dollar Falls Broadly on Record Trade Gap  NEW YORK (Reuters) - The dollar tumbled broadly on Friday  after data showing a record U.S. trade deficit in June cast  fresh doubts on the economy's recovery and its ability to draw  foreign capital to fund the growing gap.,2
2,"Rescuing an Old Saver If you think you may need to help your elderly relatives with their finances, don't be shy about having the money talk -- soon.",2
2,Kids Rule for Back-to-School The purchasing power of kids is a big part of why the back-to-school season has become such a huge marketing phenomenon.,2
2,"In a Down Market, Head Toward Value Funds There is little cause for celebration in the stock market these days, but investors in value-focused mutual funds have reason to feel a bit smug -- if only because they've lost less than the folks who stuck with growth.",2
2,"US trade deficit swells in June The US trade deficit has exploded 19 to a record \$55.8bn as oil costs drove imports higher, according to a latest figures.",2
2,"Shell 'could be target for Total' Oil giant Shell could be bracing itself for a takeover attempt, possibly from French rival Total, a  press report claims.",2
2,"Google IPO faces Playboy slip-up The bidding gets underway for Google's public offering, despite last-minute worries over an interview with its bosses in Playboy magazine.",2
2,"Eurozone economy keeps growing Official figures show the 12-nation eurozone economy continues to grow, but there are warnings it may slow down later in the year.",2
2,Expansion slows in Japan Economic growth in Japan slows down as the country experiences a drop in domestic and corporate spending.,2
2,"Rand falls on shock SA rate cut Interest rates are trimmed to 7.5 by the South African central bank,  but the lack of warning hits the rand and surprises markets.",2
2,"Car prices down across the board The cost of buying both new and second hand cars fell sharply over the past five years, a new survey has found.",2
2,South Korea lowers interest rates South Korea's central bank cuts interest rates by a quarter percentage point to 3.5 in a bid to drive growth in the economy.,2
2,"Google auction begins on Friday An auction of shares in Google, the web search engine which could be floated for as much as \$36bn, takes place on Friday.",2
2,"HP shares tumble on profit news Hewlett-Packard shares fall after disappointing third-quarter profits, while the firm warns the final quarter will also fall short of expectations.",2
2,Mauritian textile firm cuts jobs One of the oldest textile operators on the Indian Ocean island of Mauritius last week shut seven factories and cut 900 jobs.,2
2,"Chad seeks refugee aid from IMF Chad asks the IMF for a loan to pay for looking after more than 100,000 refugees from conflict-torn Darfur in western Sudan.",2
2,Japan nuclear firm shuts plants The company running the Japanese nuclear plant hit by a fatal accident is to close its reactors for safety checks.,2
2,"Veteran inventor in market float Trevor Baylis, the veteran inventor famous for creating the Freeplay clockwork radio, is planning to float his company on the stock market.",2
2,"Saudi Arabia to open up oil taps Saudi Arabia says it is ready to push an extra 1.3 million barrels a day of oil into the market, to help reverse surging prices.",2
2,Saudi phone sector gets \$1bn lift A group led by the UAE's Etisalat plans to spend \$1bn (544m) on expansion after winning two mobile phone licences in Saudi Arabia.,2
2,Indians fill rail skills shortage Network Rail flies in specialist Indian engineers to work on the West Coast Mainline because of a UK skills shortage.,2
2,Steady as they go BEDFORD -- Scientists at NitroMed Inc. hope their experimental drugs will cure heart disease someday. But lately their focus has been on more mundane matters.,2
2,"Google IPO: Type in 'confusing,' 'secrecy' I've submitted my bid to buy shares of Google Inc. in the computer search company's giant auction-style initial public offering. That could turn out to be the good news or the bad news.",2
2,"A bargain hunter's paradise Massachusetts bargain hunters showed up in droves and shopped hard on yesterday's sales tax holiday, buying everything from treadmills and snow blowers to candles and chandeliers, and crediting the 5-percent tax break with bringing them into the stores.",2
2,"Researchers seek to untangle the e-mail thread E-mail is a victim of its own success. That's the conclusion of IBM Corp. researchers in Cambridge, who have spent nearly a decade conducting field tests at IBM and other companies about how employees work and use electronic mail. It's clear to them that e-mail has become the Internet's killer application.",2
2,"Microsoft Corp. 2.0: a kinder corporate culture Even a genius can mess up. Bill Gates was a brilliant technologist when he cofounded Microsoft , but as he guided it to greatness in both size and historical consequence, he blundered. He terrorized underlings with his temper and parceled out praise like Scrooge gave to charity. Only the lash inspired the necessary aggressiveness to beat the competition, he thought.",2
2,"Letters Target the abusers of legal weapons We can all share the outrage, expressed by columnist Steve Bailey (''Summer Sizzler, quot; Aug. 11), at the killings in the city's poor neighborhoods. But there's no need to share his ignorance. He argues for renewal of the so-called assault weapon ban, claiming that otherwise, ''UZIs and AK-47s could again be flooding the streets. quot; His ...",2
2,"Somewhere between gleam and gloom President Bush has been saying that the US economy has ''turned the corner. quot; Democratic presidential candidate Senator John F. Kerry, in the wake of this month's poor jobs report, quipped that it was more like a U-turn.",2
2,"Technology company sues five ex-employees  A Marlborough-based technology company is suing five former employees, including three senior managers, for allegedly conspiring against their employer while working on opening a competing business.",2
2,"Grant to aid Lynn Central Square Central Square in Lynn should be looking a bit brighter. New sidewalks, curbs, fences, lights, landscaping, and road improvements are planned for the Gateway Artisan Block, a key area of the square, with \$830,000 in state grant money given to Lynn last week.",2
2,"State grant to aid Lynn; Bank gives Salem \$10k Central Square in Lynn should be looking a bit brighter. New sidewalks, curbs, fences, lights, landscaping, and road improvements are planned for the Gateway Artisan Block, a key area of the square, with \$830,000 in state grant money given to Lynn last week.",2
2,"A New Legal Chapter for a 90's Flameout A lawsuit against Gary Winnick, the former chief of Global Crossing, refocuses attention on what Mr. Winnick knew about his company's finances as it imploded.",2
2,"Will Russia, the Oil Superpower, Flex Its Muscles? Russia is again emerging as a superpower - but the reason has less to do with nuclear weapons than with oil.",2
2,"Switching Titles, if Not Gears, at Dell Kevin B. Rollins, the new chief executive of Dell, talks about Dell's transitory slip in customer service, and why he sees a broader technology recovery taking place.",2
2,"For Sale: The Ultimate Status Symbol With the country in need of cash and rich people dying to show off their wealth, Mr. Stein proposes a unique solution: having the government sell titles of nobility.",2
2,Quality Gets Swept Away Quality Distribution is hammered after reporting a large loss for the second quarter.,2
2,"Making Your Insurer Pay If Hurricane Charley blows your house down, how can you make your insurance company pay?",2
2,Delightful Dell The company's results show that it's not grim all over tech world. Just all of it that isn't Dell.,2
2,"Chrysler's Bling King After a tough year, Detroit's troubled carmaker is back -- thanks to a maverick designer and a car that is dazzling the hip-hop crowd",2
2,What's Cool In the Pool ... ... And Hot On the Deck Americans are spending more on tricking out the places where they swim. Here's a look at the new wave of accessories,2
2,The Age of Doom In 1993 six geeks had a digital nightmare that changed the culture. It's about to get far creepier,2
2,Hip Hop's Online Shop Celebrity fashion is booming. These webpreneurs are bringing it to main street,2
2,Stoking the Steamroller No other recording artist can channel American middle-class tastes quite like Chip Davis and his best-selling band,2
2,Coming to The Rescue Got a unique problem? Not to worry: you can find a financial planner for every specialized need,2
2,"The New Customers Are In Town Today's customers are increasingly demanding, in Asia as elsewhere in the world.  Henry Astorga describes the complex reality faced by today's marketers, which includes much higher expectations than we have been used to.  Today's customers want performance, and they want it now! ",2
2,"Barrel of Monkeys, 2004 Edition: Notes on Philippine Elections Well, it's election time in the Republic of the Philippines, and that means the monkeys are rolling around in those political barrels, having as much fun as they can while laughing their heads off at the strange goings-on that characterize a democratic process loosely based on the American model  but that de facto looks more like a Fellini movie crossed with a Tom and Jerry cartoon - column includes a useful election-year glossary!",2
2,"Oldsmobile: The final parking lot Why General Motors dropped the Oldsmobile. The four brand  paradoxes GM had to face - the name, the product, image re-positioning, and the consumer - all added up to a brand that had little hope of rebranding.",2
2,"Not All Jobs Belong To The White Man: Asian Minorities, Affirmative Action, And The Quest For Parity At Work Although a smattering of Chinese, Filipinos, Japanese, Indians, Thais, and others may crow about seeing their kind sitting in prominent positions in corporations and organizations in the USA, these accomplishments become mere cultural high-fives and ritualistic chest-thumping goaded and impishly patronized by 'mainstream society' - the milder and gentler term for the white-dominated populace.",2
2,"Downhome Pinoy Blues, Intersecting Life Paths, and Heartbreak Songs The Blues is alive and well in the Philippines, as evidenced by this appreciation of the Pinoy Blues band 'Lampano Alley', penned by columnist Clarence Henderson as a counterpoint to his usual economics, business, and culture fare.",2
2,"The Real Time Modern Manila Blues: Bill Monroe Meets Muddy Waters in the Orient Globalization does strange things to people. A day in the life of a Manila Philippines based business consultant - proving that you really CAN talk about Muddy Walters, bluegrass and work all on the same page...",2
2,"Best Asian Tourism Destinations The new APMF survey of the best Asian tourism destinations has just kicked off, but it's crowded at the top, with Chiang Mai in Thailand just leading from perennial favourites Hong Kong, Bangkok and Phuket in Thailand, and Bali in  Indonesia. Be one of the first to vote and let us know your reasons.",2
2,"What are the best cities for business in Asia? One of our new categories in the APMF Sense of Place survey is for best Asian business city. After a couple of days, Singapore leads the pack, followed by Bangkok, Thailand and Hong Kong. Enter your vote and comments and make your views count. More new categories include best city for livability, and best tourism destinations.",2
2,"IT alligator tales I grew up in New York, where giant alligators -- sometimes more ornately described as albino alligators -- were rumored to roam the citys sewer systems. According to legend, vacationers picked up the tiny crocodilians in Florida, brought them home to New York, and eventually flushed the little buggers when they grew too big for the local concrete jungle.",2
2,"IT Myth 5: Most IT projects fail Do most IT projects fail? Some point to the number of giant consultancies such as IBM Global Services, Capgemini, and Sapient, who feed off bad experiences encountered by enterprises. Sapient is a company founded on the realization that IT projects are not successful, says Sapient CTO Ben Gaucherin.",2
2,BEA grabs CA exec to head product group BEA Systems Inc. has hired the Computer Associates International Inc. executive responsible for CA's Unicenter line of enterprise management software to head BEA's product development group.,2
2,"Autodesk tackles project collaboration Autodesk  this week unwrapped an updated version of its hosted project collaboration service targeted at the construction and manufacturing industries. Autodesk Buzzsaw lets multiple, dispersed project participants -- including building owners, developers, architects, construction teams, and facility managers -- share and manage data throughout the life of a project, according to Autodesk officials.",2
2,"U.K.'s NHS taps Gartner to help plan \$9B IT overhaul LONDON -- The U.K.'s National Health Service (NHS) has tapped IT researcher Gartner Inc. to provide market intelligence services as the health organization forges ahead with a mammoth, 5 billion (\$9.2 billion) project to upgrade its information technology infrastructure.",2
2,"Play Boys: Google IPO a Go Anyway Even though Google's two founders gave an interview to Playboy magazine in the midst of its IPO filing, the SEC allowed the company's offering to go ahead. The boys filed the interview with the SEC and corrected mistakes in it.",2
2,More Big Boobs in Playboy An interview with Google's co-founders due out in the current issue of Playboy may delay the company's IPO. Securities regulations restrict what executives can say while preparing to sell stock for the first time.,2
2,Dutch Firm Beats Apple to Punch A music retailer from the Netherlands beats Apple by launching a download service in Europe's latest market battleground. Also: Movie industry wrests agreement from defunct company.... Microsoft challenges Photoshop   hellip;. and more.,2
2,HP to Buy Synstar Hewlett-Packard will pay \$297 million for the British company. Also: TiVo goes all out to attract customers   hellip;. Sprint offers service guarantees for business wireless subscribers   hellip;. and more.,2
2,"A Personal Operator From Verizon Verizon plans to offer a service that would act as a virtual switchboard operator, letting customers stay in touch at all times. The program would send phone calls, voicemails and e-mails wherever customers designate. By Elisa Batista.",2
2,Paid Search Growth May Slow A new Internet advertising forecast shows a slowdown in paid search listings in the next five years. Will the projection affect Google's prospects when it goes public?,2
2,"Fark Sells Out. France Surrenders Blogs are the hottest thing on the Net, but are they messing with traditional publishing principles? One of the most popular, Fark.com, is allegedly selling links. Is it the wave of the future? By Daniel Terdiman.",2
3,"'Madden,' 'ESPN' Football Score in Different Ways (Reuters) Reuters - Was absenteeism a little high\on Tuesday among the guys at the office? EA Sports would like\to think it was because ""Madden NFL 2005"" came out that day,\and some fans of the football simulation are rabid enough to\take a sick day to play it.",3
2,"Group to Propose New High-Speed Wireless Format (Reuters) Reuters - A group of technology companies\including Texas Instruments Inc. (TXN.N), STMicroelectronics\(STM.PA) and Broadcom Corp. (BRCM.O), on Thursday said they\will propose a new wireless networking standard up to 10 times\the speed of the current generation.",2
2,AOL to Sell Cheap PCs to Minorities and Seniors (Reuters) Reuters - America Online on Thursday said it\plans to sell a low-priced PC targeting low-income and minority\households who agree to sign up for a year of dialup Internet\service.,2
2,"Companies Approve New High-Capacity Disc Format (Reuters) Reuters - A group of consumer electronics\makers said on Wednesday they approved the format for a new\generation of discs that can store five times the data of DVDs\at the same cost -- enough to put a full season of ""The\Sopranos"" on one disc.",2
2,Missing June Deals Slow to Return for Software Cos. (Reuters) Reuters - The mystery of what went wrong for the\software industry in late June when sales stalled at more than\20 brand-name companies is not even close to being solved\although the third quarter is nearly halfway over.,2
2,Hacker Cracks Apple's Streaming Technology (AP) AP - The Norwegian hacker famed for developing DVD encryption-cracking software has apparently struck again  #151; this time breaking the locks on Apple Computer Inc.'s wireless music streaming technology.,2
2,European Download Services Go Mobile (Reuters) Reuters - The ability to download complete\tracks directly over cell-phone networks to mobile phones is\becoming a reality in Europe.,2
2,"Open Source Apps Developer SugarCRM Releases Sugar.Sales 1.1 (TechWeb) TechWeb - News - August 13, 2004",2
2,"Oracle Sales Data Seen Being Released (Reuters) Reuters - Oracle Corp. sales documents\detailing highly confidential information, such as which\companies receive discounts on Oracle's business software\products and the size of the discounts, are likely to be made\public, a federal judge said on Friday.",2
3,Sun's Looking Glass Provides 3D View (PC World) PC World - Developers get early code for new operating system 'skin' still being crafted.,3
2,"Apple to open second Japanese retail store this month (MacCentral) MacCentral - Apple Computer Inc. will open its second Japanese retail store later this month in the western Japanese city of Osaka, it said Thursday.",2
3,Charley's Force Took Experts by Surprise (AP) AP - Hurricane Charley's 145-mph force took forecasters by surprise and showed just how shaky a science it still is to predict a storm's intensity  #151; even with all the latest satellite and radar technology.,3
3,"Science, Politics Collide in Election Year (AP) AP - With more than 4,000 scientists, including 48 Nobel Prize winners, having signed a statement opposing the Bush administration's use of scientific advice, this election year is seeing a new development in the uneasy relationship between science and politics.",3
3,"Building Dedicated to Columbia Astronauts (AP) AP - A former dormitory converted to classrooms at the Pensacola Naval Air Station was dedicated Friday to two Columbia astronauts who were among the seven who died in the shuttle disaster Feb. 1, 2003.",3
3,"Russian Cargo Craft Docks at Space Station (AP) AP - A Russian cargo ship docked with the international space station Saturday, bringing food, water, fuel and other items to the two-man Russian-American crew, a space official said.",3
3,"Bangkok's Canals Losing to Urban Sprawl (AP) AP - Along the banks of the canal, women in rowboats grill fish and sell fresh bananas. Families eat on floating pavilions, rocked gently by waves from passing boats.",3
3,"T. Rex Had Teen Growth Spurt, Scientists Say (Reuters) Reuters - Tyrannosaurus Rex grew incredibly fast\during a teenaged growth spurt that saw the dinosaur expand its\bulk by six times, but the fearsome beasts ""lived fast and died\young,"" researchers said on Wednesday.",3
3,"Gene Blocker Turns Monkeys Into Workaholics - Study (Reuters) Reuters - Procrastinating monkeys were turned\into workaholics using a gene treatment to block a key brain\compound, U.S. researchers reported on Wednesday.",3
3,Dolphins Too Have Born Socialites (Reuters) Reuters - Some people are born to be the life and\soul of the party -- and so it seems are some dolphins.,3
3,"What's in a Name? Well, Matt Is Sexier Than Paul (Reuters) Reuters - As Shakespeare said, a rose by any other\name would smell as sweet. Right?",3
2,"UK Scientists Allowed to Clone Human Embryos (Reuters) Reuters - British scientists said on Wednesday\they had received permission to clone human embryos for medical\research, in what they believe to be the first such license to\be granted in Europe.",2
3,"Russian Alien Spaceship Claims Raise Eyebrows, Skepticism (SPACE.com) SPACE.com - An expedition of Russian researchers claims to have found evidence that an \  alien spaceship had something to do with a huge explosion over Siberia in 1908. \  Experts in asteroids and comets have long said the massive blast was caused \  by a space rock.",3
3,"Comets, Asteroids and Planets around a Nearby Star (SPACE.com) SPACE.com - A nearby star thought to harbor comets and asteroids now appears to be home to planets, too. The presumed worlds are smaller than Jupiter and could be as tiny as Pluto, new observations suggest.",3
3,Perseid Meteor Shower Peaks Overnight (SPACE.com) SPACE.com - A fine display of shooting stars is underway and peaks overnight Wednesday into early Thursday morning. Astronomers expect the 2004 Perseid meteor shower to be one of the best versions of the annual event in several years.,3
2,"Redesigning Rockets: NASA Space Propulsion Finds a New Home (SPACE.com) SPACE.com - While the exploration of the Moon and other planets in our solar system is nbsp;exciting, the first task for astronauts and robots alike is to actually nbsp;get to those destinations.",2
3,"Studies Find Rats Can Get Hooked on Drugs (AP) AP - Rats can become drug addicts. That's important to know, scientists say, and has taken a long time to prove. Now two studies by French and British researchers show the animals exhibit the same compulsive drive for cocaine as people do once they're truly hooked.",3
3,"NASA Chief: 'Let's Go Save the Hubble' (SPACE.com) SPACE.com - Amid uncertainty over the fate of the Hubble Space Telescope and with a key instrument not working, NASA Administrator Sean O'Keefe gave the go-ahead Monday for planning a robotic servicing mission.",3
3,"Armadillo Aerospaces X Prize Prototype Crashes (SPACE.com) SPACE.com - Armadillo Aerospace of Mesquite, Texas has reported a \crash last weekend of their prototype X Prize rocket.",3
3,Prairie Dog Won't Be on Endangered List (AP) AP - The black-tailed prairie dog has been dropped from a list of candidates for the federal endangered species list because scientists have concluded the rodents are no longer threatened.,3
3,Hubble Trouble: One of Four Instruments Stops Working (SPACE.com) SPACE.com - One of the four astronomical instruments on the Hubble Space Telescope shut down earlier this week and engineers are trying to pin down the problem. The other three instruments continue to operate normally.,3
3,"Invasive Purple Weed May Meet Its Match (AP) AP - They burned it, mowed it, sprayed it and flooded it. But nothing killed the purple loosestrife weed, which has become a regional plague, until officials at the Parker River National Wildlife Refuge set a European beetle loose on it.",3
3,New NASA Supercomputer to Aid Theorists and Shuttle Engineers (SPACE.com) SPACE.com - NASA researchers have teamed up with a pair of Silicon Valley firms to build \  a supercomputer that ranks alongside the world's largest Linux-based systems.,3
2,"Ants Form Supercolony Spanning 60 Miles (AP) AP - Normally clannish and agressive Argentine ants have become so laid back since arriving in Australia decades ago that they no longer fight neighboring nests and have formed a supercolony here that spans 60 miles, scientists say.",2
2,"Viewer's Guide: Perseid Meteor Shower Peaks Aug. 11-12 (SPACE.com) SPACE.com - Every August, when many \  people are vacationing in the country where skies are dark, the best-known meteor \  shower makes its appearance. The annual Perseid meteor shower, as it is called, \  promised to put on an above average display this year.",2
3,"Rescuers Free Beached Whale in Brazil (AP) AP - Rescuers succeeded in freeing a minke whale that washed up on a beach in southeastern Brazil, the fire department said Thursday.",3
3,Red-Footed Falcon Sighted in Mass. (AP) AP - A red-footed falcon spotted for the first time in North America is enticing birdwatchers to Martha's Vineyard.,3
3,"Weak Version of Most Powerful Explosions Found (SPACE.com) SPACE.com - Gamma-ray bursts are the most powerful events in the universe, temporary outshining several galaxies and likely signaling the birth of a black hole.",3
2,Simultaneous Tropical Storms a Rarity (AP) AP - The prospect that a tropical storm and a hurricane  #151; or possibly two hurricanes  #151; could strike Florida on the same day is something meteorologists say they have never seen.,2
2,"NASA's Genesis Spacecraft Adjusts Course (AP) AP - NASA's Genesis spacecraft successfully adjusted its course this week as it heads back toward Earth with a sample of solar wind particles, the space agency said Wednesday.",2
3,"Earth is Rare, New Study Suggests (SPACE.com) SPACE.com - Flip a coin. Heads, Earth is a common sort of planet. Tails, and ours is as unusual as a coin landing on edge. That's about the state of knowledge for scientists who ponder the question of our planet's rarity.",3
3,"Scientists Probe Pacific for Dead Zone (AP) AP - His hand on a toggle switch and his eyes on a computer screen, Oregon State University graduate student Anthony Kirincich uses an array of scientific instruments to probe the vibrant waters of the Pacific. He is searching for the absence of life.",3
3,"Life on Mars Likely, Scientist Claims (SPACE.com) SPACE.com - DENVER, COLORADO -- Those twin robots hard at work on Mars have transmitted teasing views that reinforce the prospect that microbial life may exist on the red planet.",3
3,"India Rethinks Plan to Send Man to Moon (AP) AP - India is rethinking its plan to send a man to the moon by 2015, as the mission would cost a lot of money and yield very little in return, the national space agency said Thursday.",3
3,"Natural Sunblock: Sun Dims in Strange Ways (SPACE.com) SPACE.com - When Venus crossed the Sun June 8, showing up as a clear black dot to the delight of millions of skywatchers around the world, astronomers noted something less obvious: The amount of sunlight reaching Earth dipped by 0.1 percent for a few hours.",3
3,"Website Lets Users Scout the Red Planet from Home (SPACE.com) SPACE.com - For those who want to explore Mars but cant wait for a spacecraft to take them there, NASA scientists have reformulated a website that lets the general public search data and images from previous missions.",3
3,"Appeal Rejected in Trout Restoration Plan (AP) AP - The U.S. Forest Service on Wednesday rejected environmentalists' appeal of a plan to poison a stream south of Lake Tahoe to aid what wildlife officials call ""the rarest trout in America.""",3
3,Explore the Many Colors of Stars (SPACE.com) SPACE.com - One of the pleasures of \  stargazing is noticing and enjoying the various colors that stars display in \  dark skies. These hues offer direct visual evidence of how stellar temperatures \  vary.,3
3,"Britain Grants Human Cloning License (AP) AP - Britain granted its first license for human cloning Wednesday, joining South Korea on the leading edge of stem cell research, which is restricted by the Bush administration and which many scientists believe may lead to new treatments for a range of diseases.",3
3,The Next Great Space Race: SpaceShipOne and Wild Fire to Go For the Gold (SPACE.com) SPACE.com - A piloted rocket ship race to claim a  #36;10 million Ansari X Prize purse for privately financed flight to the edge of space is heating up.,3
3,"Growth, Mortality of T. Rex Gets Clearer (AP) AP - Here's a dinosaur finding that parents can appreciate: The teenage Tyrannosaurus rex typically went through an explosive growth spurt, gaining nearly 5 pounds a day.",3
2,"Space Science Pioneer Van Allen Questions Human Spaceflight (SPACE.com) SPACE.com - A leading space scientist has called to question the validity of human spaceflight, suggesting that sending astronauts outward from Earth is outdated, too costly, and the science returned is trivial.",2
3,"China Begins Manned Space Flight Countdown (AP) AP - Chinese astronauts are in the final stages of preparing for a manned space mission that will orbit the globe 14 times before returning to Earth, a state-run newspaper reported Thursday.",3
2,Sunspot Grows to 20 Times Size of Earth (SPACE.com) SPACE.com - A sunspot group aimed squarely \  at Earth has grown to 20 times the size of our planet and has the potential \  to unleash a major solar storm.,2
2,"Japanese Lunar Probe Facing Delays (AP) AP - A lunar orbiter that Japan had planned to launch this year could face further delays, possibly until next year or later, because of a funding shortfall and problems developing the probe's information-gathering capabilities, Japan's space agency said Wednesday.",2
3,Pollutants From Asia Appear on East Coast (AP) AP - Scientists looking into air quality and climate change have found pollutants from as far as Asia over New England and the Atlantic.,3
3,"Vietnam's Citadel Vulnerable to Weather (AP) AP - Experts from Europe and Asia surveyed 1,400-year-old relics of an ancient citadel in Hanoi Tuesday and said they were concerned the priceless antiquities were at risk from exposure to the elements.",3
3,"U.S. Barred From Weakening Dolphin Rules (AP) AP - In a victory for environmentalists, a federal judge ruled Tuesday that the Bush administration cannot change the standards commercial fisheries must meet before the tuna they catch can carry the ""dolphin-safe"" label.",3
3,Canadian Robot a Candidate to Save Hubble (AP) AP - NASA said Tuesday it is moving ahead with plans to send a robot to the rescue of the aging Hubble Space Telescope.,3
3,"Cave Explorers Discover Pit in Croatia (AP) AP - Cave explorers discovered a pit inside a mountain range in central Croatia believed to have the world's deepest subterranean vertical drop, at nearly 1,700 feet, a scientific institute reported Monday.",3
3,Aquarium Reviews Death of Dolphin (AP) AP - The chief scientist at the National Aquarium in Baltimore has launched a review of the dolphin breeding program after the death of a 4-month-old dolphin.,3
3,Scientists Seek Better Way to Measure Rain (AP) AP - Meteorologists at North Carolina State University are working on a way to more accurately measure rainfall in small areas.,3
3,"Wash. State Team's Private Rocket Explodes (AP) AP - A team taking a low-budget stab at the  #36;10 million Ansari X Prize for private manned spaceflight suffered a setback Sunday, when their rocket malfunctioned and exploded after shooting less than 1,000 feet in the air.",3
3,"Nevada Ponders Superfund Status for Mine (AP) AP - Pressured by a ranking senator from Nevada and the Environmental Protection Agency, Gov. Kenny Guinn says he might reconsider his opposition to a federal Superfund cleanup declaration for a huge abandoned mine contaminated with toxic waste and uranium.",3
3,"Indictments Using DNA on Rise Nationally (AP) AP - Authorities once had no choice but to drop rape cases if they weren't able to catch a suspect before the statute of limitations expired. But prosecutors across the country increasingly are buying themselves time, keeping cold cases alive by indicting unidentified rapists using their DNA profiles.",3
3,"Southeast Coast Sees Fewer Turtle Nests (AP) AP - About half the usual number of loggerhead turtles have nested between North Carolina and Florida this season, and scientists have no explanation for the drop.",3
2,"Company Said to Be Ready to Clone Pets (AP) AP - A company that unveiled the world's first cloned cat nearly three years ago now says it is ready to start filling orders for cloned pets, a newspaper reported Thursday.",2
3,"Deep-Sea Vessel Puts Ocean Floor in Reach (AP) AP - A new deep-sea research vessel will be able to carry people to 99 percent of the ocean floor, diving deeper than the famed Alvin that pioneered the study of seafloor vents, plate tectonics and deep ocean creatures over the past 40 years.",3
3,"Chorus Frog Found Croaking in Virginia (AP) AP - The Southern chorus frog has been found in southeastern Virginia, far outside its previously known range. The animal had never before been reported north of Beaufort County, N.C., about 125 miles to the south.",3
3,"Expedition to Probe Gulf of Mexico (AP) AP - Scientists will use advanced technology never before deployed beneath the sea as they try to discover new creatures, behaviors and phenomena in a 10-day expedition to the Gulf of Mexico's deepest reaches.",3
3,"Feds Accused of Exaggerating Fire Impact (AP) AP - The Forest Service exaggerated the effect of wildfires on California spotted owls in justifying a planned increase in logging in the Sierra Nevada, according to a longtime agency expert who worked on the plan.",3
3,"New Method May Predict Quakes Weeks Ahead (AP) AP - Swedish geologists may have found a way to predict earthquakes weeks before they happen by monitoring the amount of metals like zinc and copper in subsoil water near earthquake sites, scientists said Wednesday.",3
2,Marine Expedition Finds New Species (AP) AP - Norwegian scientists who explored the deep waters of the Atlantic Ocean said Thursday their findings  #151; including what appear to be new species of fish and squid  #151; could be used to protect marine ecosystems worldwide.,2
2,"Annual Study Finds Rise in Beach Closures (AP) AP - The number of days that beaches closed or posted warnings because of pollution rose sharply in 2003 due to more rainfall, increased monitoring and tougher standards, an environmental group said on Thursday.",2
3,Pacific May Be Seeing New El Nino (AP) AP - Warming water temperatures in the central equatorial Pacific last month may indicate the start of a new El Nino.,3
2,"Cassini Spacecraft Sees Saturn Lightning (AP) AP - The Cassini spacecraft's mission to Saturn has revealed a new radiation belt around the ringed planet and found that lightning in its atmosphere is occurring in different patterns than it did when NASA's Voyagers flew by in the early 1980s, scientists said.",2
3,"Poachers Putting Endangered Rhinos at Risk (AP) AP - Gangs of poachers in Congo have been slaughtering the world's minuscule population of northern white rhinos, reducing the population by about one-half in just more than a year, a key conservation organization said Friday.",3
3,"Experts Downplay Texas Shark Attacks (AP) AP - Three shark attacks off the Texas coast in the past two months are unusual but don't mean there are more sharks than normal along the beach or that they are getting bolder, marine biologists and other experts say.",3
3,"Study Says Birds Feed Other Birds' Young (AP) AP - It's a lesson many little humans could learn from baby birds: Sometimes, being nice to other youngsters pays off. Brown-headed cowbirds, like several other bird species, leave their eggs in the nests of other birds, who then feed and raise the cowbird chicks.",3
3,"Canadian Team Joins Rocket Launch Contest (AP) AP - The  #36;10 million competition to send a private manned rocket into space started looking more like a race Thursday, when a Canadian team announced plans to launch its rocket three days after an American group intends to begin qualifying for the Ansari X prize.",3
3,Universities to Build Largest Telescope (AP) AP - The University of Texas and Texas A amp;M University are planning to construct what they call the world's largest telescope with the help of a Houston businessman's  #36;1.25 million gift.,3
3,Mauritanian Capital Battles Locust Swarm (AP) AP - Residents burned tires and trash in the streets Thursday trying to drive off swarms of locusts descending on the region in what a U.N. agency called the worst sub-Saharan invasion in more than a decade.,3
3,Biased Against Whom? Liberal bias versus right-wing conspiracy is a wonderful distraction. There is evidence enough on both sides. How can opposite claims be true? Confront a physicist with evidence supporting contradictory hypotheses and she will go looking for a more basic cause. Let's try that.,3
3,"Insecurity: (Or Why Americans Aren't Feeling The Recovery) The New Republic's website is currently carrying an interesting piece which tries to explain the anomaly that although the US economy is growing, a lot of its citizens are still feeling worse off. The article explains the results of a 40 year panel study which has shown that although mean incomes have increased, income variability has increased massively, causing many Americans to feel less well off, despite the growing economy.      ",3
3,"The Great K5 Limerick Contest Queue submissions being scarce, I suggest we all submit limericks for consideration.  Mod up your favorites.    I'm no poet, so I'll submit a favorite of my childhood:    There was a young woman named Bright,  Who traveled much faster than light    She set out one day  In a relative way    And returned on the previous night.    I'm afraid I don't remember the author.",3
3,"DRM is doubleplus good for business, Congress advised The Budget Office and the case of the disappearing public interest",3
3,Wireless net to get speed boost Wireless computer networks could soon be running 10 times faster than they do now.,3
3,GameBoy mini-games win prize A set of GameBoy micro-games is named as the most innovative game of the year at a festival in Scotland.,3
3,Long-awaited Doom 3 hits the UK Doom 3 goes on sale in the UK at a time of renewed concerns over violence in video games.,3
3,"PlayStation potential to learning The PlayStation games console could be developed into a learning tool for children, says a Northumberland head teacher.",3
3,'Invisible' technology for Olympics Getting the technology in place for Athens 2004 is an Olympic task in itself.,3
3,3D holograms to crack forgeries A 3D hologram technique could transform how experts spot forged signatures and other handwritten documents.,3
3,"Video games 'good for children' Computer games can promote problem-solving and team-building in children, say games industry experts.",3
3,Catwoman far from perfect The Catwoman game is a major disappointment that feels like a pointless tie-in with the film.,3
3,"'Madden,' 'ESPN' Football Score in Different Ways  PROVIDENCE, R.I. (Reuters) - Was absenteeism a little high  on Tuesday among the guys at the office? EA Sports would like  to think it was because ""Madden NFL 2005"" came out that day,  and some fans of the football simulation are rabid enough to  take a sick day to play it.",3
3,"Internet Challenges Face-to-Face Mingling At Bungalow Billiards in Chantilly on Wednesday, about a dozen single parents from Northern Virginia gathered at happy hour to mingle, eat and drink. All were divorced or widowed members of the Fairfax chapter of Parents Without Partners.",3
3,"Forecast: Plenty of Activity On the Weather Blog Front If it's possible to love something just because it could visit torrents upon the Washington region, fling hail from the skies and swell streams into rivers, then Jason Samenow is smitten.",3
3,"Bids Placed Despite Mixed News Umesh Patel, a 36-year old software engineer from California, debated until the last minute.",3
3,"Antitrust Lawyer Takes Helm at FTC As Deborah P. Majoras takes over the Federal Trade Commission on Monday, she's expected to build on the broad agenda set by her predecessor, Timothy J. Muris.",3
3,"GAO Calls Stryker Too Heavy for Transport The Army's new medium-weight armored vehicle, the Stryker, weighs so much that it curtails the range of C-130 military cargo aircraft that carry it and under certain conditions make it impossible for the planes to take off, a new report for Congress found.",3
3,"Blog Interrupted The instant message blinked on the computer at Jessica Cutler's desk in the Russell Senate Office Building. ""Oh my God, you're famous.""",3
3,Hopes soar for solo record plane Richard Branson says the Virgin Global Flyer is looking good for its solo trip around the world without refuelling.,3
3,"Arctic team reaches destination A team of British explorers, who are retracing the steps of a Victorian  pioneer, have reached Thom Bay.",3
3,Hubble peers at celestial bubble The Hubble Space Telescope has looked into a bubble of gas and dust being inflated by a young star's particles.,3
3,"Bacteria gives coral orange glow Orange coral common to the Caribbean has bacteria to thank for its hue, say US marine scientists.",3
3,"Clouds dash Perseids show The annual Perseid meteor shower could provide a ""spectacular"" show, despite a disappointing start.",3
3,Worms may slow Parkinson's A protein which helps increase lifespan in worms offers hope for new Parkinson's and Alzheimer's treatments.,3
3,"TB test to slash infection rates A rapid and accurate test for TB could cut infection rates around the world, say experts.",3
3,Scientists given cloning go-ahead The first request by British scientists to clone human embryos has been granted by experts.,3
3,Vandals damage bird reserve A disturbance free zone for nesting birds is put at risk by vandals who cut down the boundary fence.,3
3,"Heat waves set to become 'brutal' Heat waves in the 21st Century will be more intense, more frequent and longer, US experts say.",3
3,Monkeys test 'hardworking gene' Scientists in the United States find a way to turn lazy monkeys into workaholics using gene therapy.,3
3,"News: NASA Extends TRMM Operations Through 2004 Hurricane Season NASA will extend operation of the Tropical Rainfall\Measuring Mission (TRMM) through the end of 2004, in light of a\recent request from the National Oceanic and Atmospheric\Administration (NOAA).",3
3,"News: How Strongly Does the Sun Influence the Climate? Researchers have shown that the Sun can be responsible for, at most, only a small part of the warming over the last 20-30 years. (Max Planck Society press release)",3
3,"News: Warmer Weather, Human Disturbances Interact to Change Forests While a rapidly changing climate may alter the composition of northern Wisconsin's forests, disturbances such as logging also will play a critical role in how these sylvan ecosystems change over time. (University of Wisconsin-Madison press release)",3
3,"News: New Study to Investigate Demise of Coral Reef Ecosystems Scientists are embarking on a project which will explore how global warming is devastating one of the world's most diverse ecosystems, coral reefs. (University of Newcastle press release)",3
3,"Horseflies and Meteors Like bugs streaking colorfully down the side window of a moving car, Earthgrazing Perseid meteors could put on a pleasing show after sunset on August 11th.",3
3,What Neil   Buzz Left on the Moon A cutting-edge Apollo 11 science experiment left behind in the Sea of Tranquility is still running today.,3
3,"Voyager 1, Prepare for Action At the outer limits of our solar system, a solar shock wave is about to overtake NASA's Voyager 1 spacecraft.",3
3,"Saturn Hailstorm When Cassini reached Saturn On June 30th, it dashed through a gap in Saturn's rings, twice. One of onboard science instruments recorded a flurry of ring-dust harmlessly striking the spacecraft.\\",3
3,"Real ""Danny Deckchairs"" Soar With Just a Seat and Some Balloons In the new movie &lt;i&gt;Danny Deckchair,&lt;/i&gt; a truck driver ties party balloons to a chair and flies away. It's called cluster ballooning, and believe it or not, it's a real sport.",3
3,"""Unusually Good"" Meteor Shower Expected Tonight Tonight's annual Perseid meteor shower is likely to be a spectacular show of shooting stars zipping across the night sky, according to astronomers.",3
3,"""Monster"" Waves Suprisingly Common, Satellites Show Rogue waves #151;eight or more stories or higher #151;are freaks of the ocean once thought to be tall tales told by sailors. But now scientists have satellite evidence that the massive upwellings are not only real but also fairly common.",3
1,"Progress Cargo Ship for ISS Launched From Russia MOSCOW (AP) -- A Russian cargo ship loaded with supplies and equipment blasted off from the Baikonour cosmodrome in Kazakhstan on Wednesday headed for the international space station, a Russian space official said.    The Progress M-50 ship took off at 1:03 a.m...",1
1,"Which Diet is Best? The One That Works for You By Kathleen Doheny, HealthDay Reporter    HealthDayNews -- Gather together some diners who are trying to lose weight, then sit back and listen to the debate.    Almost anyone who's on a diet -- or at least one that's working -- is convinced his or her plan is the best...",1
1,"Sting of Bug Bites Can Linger Into Adulthood By Amanda Gardner, HealthDay Reporter    HealthDayNews -- Contrary to popular belief, not all kids who are allergic to insect stings outgrow their sensitivity.    Some people whose allergies left them in fear of bees, wasps, and the like as children still react to their stings as adults, but a new study offers relief: Allergy shots given in childhood can protect them for up to 20 years...",1
1,"Phelps, Thorpe Advance in 200 Freestyle (AP) AP - Michael Phelps took care of qualifying for the Olympic 200-meter freestyle semifinals Sunday, and then found out he had been added to the American team for the evening's 400 freestyle relay final. Phelps' rivals Ian Thorpe and Pieter van den Hoogenband and teammate Klete Keller were faster than the teenager in the 200 free preliminaries.",1
1,"Reds Knock Padres Out of Wild-Card Lead (AP) AP - Wily Mo Pena homered twice and drove in four runs, helping the Cincinnati Reds beat the San Diego Padres 11-5 on Saturday night. San Diego was knocked out of a share of the NL wild-card lead with the loss and Chicago's victory over Los Angeles earlier in the day.",1
1,"Dreaming done, NBA stars awaken to harsh Olympic reality (AFP) AFP - National Basketball Association players trying to win a fourth consecutive Olympic gold medal for the United States have gotten the wake-up call that the ""Dream Team"" days are done even if supporters have not.",1
1,"Indians Beat Twins 7-1, Nearing AL Lead (AP) AP - The Cleveland Indians pulled within one game of the AL Central lead, scoring four runs in the first inning and beating the Minnesota Twins 7-1 Saturday night behind home runs by Travis Hafner and Victor Martinez.",1
1,"Galaxy, Crew Play to 0-0 Tie (AP) AP - Kevin Hartman made seven saves for Los Angeles, and Jon Busch had two saves for Columbus as the Galaxy and Crew played to a 0-0 tie Saturday night.",1
1,"USC Begins Season Where It Ended, at No. 1 (AP) AP - Southern California will begin defense of its first national title in 31 years as the No. 1 team in the nation. The Trojans earned the top spot in the preseason Associated Press poll released Saturday by receiving 48 of 65 first-place votes and 1,603 points.",1
1,"Italy's Pennetta Wins Idea Prokom Open (AP) AP - Italy's Flavia Pennetta won the Idea Prokom Open for her first WTA Tour title, beating Klara Koukalova of the Czech Republic 7-5, 3-6, 6-3 Saturday after French Open champion Anastasia Myskina withdrew before the semifinals because of a rib injury.",1
1,"Tough Race Ahead for Swimmer Phelps  ATHENS (Reuters) - Michael Phelps, his first gold medal  safely gathered in, eased through the next phase of his  monumental Olympic challenge in the heats of the 200 meters  freestyle Sunday but the immensity of the task ahead was clear.",1
1,Iranian Will Not Meet Israeli in Olympics Due to Weight  ATHENS (Reuters) - A diplomatic wrangle of Olympic  proportions was avoided Sunday when Iranian world judo champion  Arash Miresmaeili failed to make the weight for his clash with  an Israeli opponent.,1
1,"Tiger Runs Out of Steam After Storming Start  KOHLER, Wisconsin (Reuters) - Tiger Woods failed to make  the most of a red-hot start in the U.S. PGA Championship third  round on Saturday, having to settle for a three-under-par 69.",1
1,"Colander Misses Chance to Emulate Jones  ATHENS (Reuters) - But for a decision that enraged her  coach, LaTasha Colander might have been the Marion Jones of the  Athens Olympics.",1
1,AL Wrap: Olerud Cheers Yankees by Sinking Ex-Team  NEW YORK (Reuters) - John Olerud sunk his former team by  recording a two-run single in the eighth inning to drive in the  go-ahead runs which earned the New York Yankees a 6-4 win over  the host Seattle Mariners in the American League Saturday.   ,1
1,NL Wrap: Jones Homers Twice as Braves Down Cards  NEW YORK (Reuters) - Chipper Jones cracked two homers and  Julio Franco's two-run double in the seventh inning drove in  the winning runs as the streaking Atlanta Braves downed the St.  Louis Cardinals 9-7 in the National League Saturday.,1
1,"Olympics-Doping-Greek Media Put Country's Honor Above Athletes  ATHENS (Reuters) - The honor of Greece lies above  individual athletes and no backstage antics should compromise  it, Greek media said Sunday, after the country's top athletes  were suspended from the team under a cloud of doping suspicion.",1
1,"Olympics-Rowing-U.S. Eight Beats Canada to Set World Best Time  ATHENS (Reuters) - The United States beat Canada in a world  best time to qualify for the final of the men's Olympic eights  race Sunday, as the two crews renewed their fierce rivalry in  front of a raucous crowd at Schinias.",1
1,"Singh Leads, but Leonard Is Following Avoiding the late trouble that knocked other contenders off track, Vijay Singh held a one-stroke lead over Justin Leonard heading into the final round of the P.G.A. Championship.",1
1,Olerud Bails Out Loaiza in His Latest Bungled Audition John Olerud reveled in his return to Safeco Field by slapping a two-run single that lifted the Yankees and saved Esteban Loaiza from a defeat.,1
1,Family circle Family Day in the Fens means fun and games to most folks. Players toddle around the bases with wide-eyed kids. Mothers beam. Children smile. All is bliss on the sun-splashed emerald lawn.,1
1,"Notables The Yankees' Alex Rodriguez , who missed Friday night's game with the flu and stayed back at the team hotel yesterday, dropped his appeal of a four-game suspension issued for his involvement in the July 24 brawl at Boston and began serving the penalty. He won't be eligible to play until Thursday at Minnesota.",1
1,"Cubs get delivery from Wood Kerry Wood homered and allowed four hits in eight innings, leading the Chicago Cubs over the visiting Los Angeles Dodgers, 2-0, yesterday.",1
1,"Leskanic winning arms race With Scott Williamson bracing for a potentially grim diagnosis of his latest elbow injury, the Red Sox last night appeared poised to move on without him as Curtis Leskanic inched closer to rejoining the club. The Sox initially indicated they would make an announcement last night on Williamson's injury but changed their position during the first inning of the game ...",1
1,"Rehabbing his career Player introductions at the final Citizens Bank Summer Caravan stop produced an awkward moment. Walter McCarty and Raef LaFrentz were the featured guests for the free basketball clinic at the Cambridge Family YMCA late last week. McCarty's presence yielded chants of  quot;Walter, Walter quot; from the crowd of 125 kids. LaFrentz left the young fans wondering,  quot;Who is he? quot; The projected ...",1
1,"Warmer and wilder HAVEN, Wis. -- Perched high on the bluffs overlooking Lake Michigan, Whistling Straits is a massive, windswept landscape, as large a golf course as \$40 million can buy. It is complete with sand dunes that could double as ski slopes and deep bunkers that should require elevators.",1
1,"Greek runners are suspended ATHENS -- Star sprinters Kostas Kenteris and Katerina Thanou were suspended yesterday from the Greek Olympic team for missing drug tests, but their fate was left in the hands of the International Olympic Committee.",1
1,"Throwbacks: Gannon, Collins in good form Rich Gannon , the 2002 NFL MVP who was knocked out of the Raiders' loss to Kansas City last Oct. 20 and had shoulder surgery in November, was 9 for 15 for 69 yards in visiting Oakland's 33-30 exhibition win over the San Francisco 49ers last night.",1
1,"Enough to make you flip Friday night came as close to an old-time local battle for viewers among Channels 4, 5, and 7 as we're likely to see. It was a throwback to pre-cable, pre-dish, and even pre-UHF days as the three local  quot;originals quot; served up a special night of sports programming. Although Red Sox-White Sox was on Channel 4's  quot;sister quot; station, Channel 38, it ...",1
1,"For Revolution, this tie looks good WASHINGTON -- Rookie Andy Dorman didn't even have time to get his white, long-sleeved jersey smudged on the sloppy RFK Stadium field last night before salvaging a 2-2 tie for the Revolution against D.C. United. Fifty-five seconds after entering the game as a late substitute, Dorman buried a low shot from inside the penalty area and extended his team's unbeaten ...",1
1,"Sing Me Back Home matches track mark OCEANPORT, N.J. -- Sing Me Back Home pulled away in the stretch to win the \$60,000 Decathalon Handicap at Monmouth Park yesterday, equaling the track record for 5 furlongs.",1
1,"Haas in fine form HAVEN, Wis. -- If he were acting his age, Jay Haas would have had the weekend off, resting on his laurels and reaping the benefits of the nice-and-easy Champions Tour.",1
1,USC starts at the top Southern California greeted news of its first preseason No. 1 ranking since 1979 with ambivalence.,1
1,"'Gardening' costs Appleby -- in spades HAVEN, Wis. -- For 18 holes, Stuart Appleby played flawless golf in yesterday's third round, four birdies and 14 pars. It wasn't until he was done playing that he discovered that it wasn't as good a day as he had thought, that he had made a quadruple bogey.",1
1,"Hungarian GP, Qualifying Fifth and ninth for Fernando and Jarno following qualifying for tomorrow's Hungarian Grand Prix.",1
1,"Budapest, Free Practice 3 and 4: A tight battle in store The teams have just finished their final preparations for the race and qualifying, in much lower temperatures than yesterday.",1
1,"Budapest, Day 1: everythings on track The Renault F1 Team ran through its programme without worrying about the timesheets or its rivals. The focus has been on Sundays race, not Fridays glory.",1
1,"Hungarian GP, Friday Round-Up Fernando tenth and Jarno seventeenth but no cause for concern, while Pat Symonds explains the challenges of Fridays at the race.",1
1,Redskins Get the Boot A fourth-quarter lead proves fleeting for the Redskins as John Kasay hits a 52-yard field goal Saturday to give the Panthers a 23-20 overtime win.,1
1,Trojans Open Up No. 1 Defending national champion USC begins the 2004 season right where it left off the year before - as the top ranked team in the AP Top 25 poll.,1
1,"Huey Exits Early Treat Huey, the two-time All-Met Player of the year, suffered a 6-2, 6-0 loss to 29-year-old journeyman Mashiska Washington, the younger brother of former pro and 1996 Wimbledon finalist Malivai.",1
1,"Lynx Infielder Fontenot Has 'Pretty Good Pop for His Size' At 5 feet 8, 160 pounds, second baseman Mike Fontenot looks more like the Class AAA Ottawa Lynx's batboy than one of the Baltimore Orioles' top prospects.",1
1,"Australia, U.S. Set Record The U.S. women's and men's eights team both set world bests in the Olympic rowing competition Sunday along with Australian pair Sally Newmarch and Amber Halliday.",1
1,"Phelps On Relay Team Michael Phelps is named to the 4x100-meter freestyle relay team that will compete in Sunday's final, keeping alive his quest for a possible eight Olympic gold medals.",1
0,Venezuelans Vote Early in Referendum on Chavez Rule (Reuters) Reuters - Venezuelans turned out early\and in large numbers on Sunday to vote in a historic referendum\that will either remove left-wing President Hugo Chavez from\office or give him a new mandate to govern for the next two\years.,0
0,"S.Koreans Clash with Police on Iraq Troop Dispatch (Reuters) Reuters - South Korean police used water cannon in\central Seoul Sunday to disperse at least 7,000 protesters\urging the government to reverse a controversial decision to\send more troops to Iraq.",0
0,"Palestinians in Israeli Jails Start Hunger Strike (Reuters) Reuters - Thousands of Palestinian\prisoners in Israeli jails began a hunger strike for better\conditions Sunday, but Israel's security minister said he\didn't care if they starved to death.",0
0,"Seven Georgian soldiers wounded as South Ossetia ceasefire violated (AFP) AFP - Sporadic gunfire and shelling took place overnight in the disputed Georgian region of South Ossetia in violation of a fragile ceasefire, wounding seven Georgian servicemen.",0
0,"Rwandan Troops Arrive in Darfur (AP) AP - Dozens of Rwandan soldiers flew into Sudan's troubled Darfur region Sunday, the first foreign armed force deployed in the area since Arab militiamen began a rampage against black African farmers, killing thousands.",0
0,"Rwanda Troops Airlifted to Start AU Mission in Darfur (Reuters) Reuters - Rwandan troops were airlifted on Sunday\to Sudan's Darfur as the first foreign force there, mandated to\protect observers monitoring a cease-fire between the Sudanese\government and rebels in the troubled western region.",0
0,"Bomb at India Independence Parade Kills 15 (AP) AP - A bomb exploded during an Independence Day parade in India's remote northeast Sunday, killing at least 15 people, including schoolchildren, while a rocket attack during a celebration at a school in the separatist region of Kashmir injured 17, officials said.",0
0,Australian FM to visit North Korea for talks on nuclear crisis (AFP) AFP - Australia's foreign minister will pay a rare visit to North Korea this week for talks on its nuclear programme after creating a stir here by warning a North Korean missile would be able to hit Sydney.,0
0,"Kerry Campaign Helping With Fla. Recovery (AP) AP - Democratic presidential candidate John Kerry does not plan to visit Florida in the aftermath of Hurricane Charley because he's concerned his campaign entourage could distract from recovery efforts, he said Saturday.",0
0,Edwards Calls for Changes to Drug Plans (AP) AP - Democratic vice presidential candidate John Edwards called for changes to prescription drug programs and praised running mate John Kerry's military and government service at an outdoor campaign rally here Saturday.,0
0,"Kerry leading Bush in key swing states (AFP) AFP - Although polls show the US presidential race a virtual dead heat, Democrat John Kerry appears to be gaining an edge over George W. Bush among the key states that could decide the outcome.",0
0,"Democratic Senator Urges Energy Reform (AP) AP - Congress must pass legislation to protect the nation's electricity grid if it wants to avoid repeats of the devastating outages that rolled across eight states last year, Sen. Maria Cantwell, D-Wash., said Saturday.",0
0,"Missouri Attorney General Sues EPA (AP) AP - Missouri's attorney general sued the federal environmental agency on Friday, saying it is behind on testing the state's air for lead as required by law.",0
0,"Mortars Mark Opening of Iraqi Political Conference  BAGHDAD (Reuters) - Insurgents fired mortars at a meeting  where Iraqi leaders met to pick an interim national assembly  Sunday, killing at least two people in a grim reminder of the  country's tortured path toward democracy.",0
0,"Japan Ministers Pay Homage at Shrine for War Dead  TOKYO (Reuters) - Three Japanese ministers paid homage at a  controversial shrine for war dead Sunday, the 59th anniversary  of Japan's World War II surrender, a move that drew anger from  Asian neighbors.",0
0,"Najaf battle a crucial test for Allawi Clashes between US troops and Sadr militiamen escalated Thursday, as the US surrounded Najaf for possible siege.",0
0,"Who are Ch #225;vez's opponents? On Sunday, Venezuelans will decide whether to cut short the president's term, which is due to end in 2006.",0
0,Tense Iraq debates new assembly Talks on setting up an Iraqi assembly continue despite fresh violence in Baghdad and the Shia stronghold of Najaf.,0
0,Venezuelans vote on Chavez rule A referendum is under way in Venezuela to decide if President Hugo Chavez should remain in office.,0
0,"Pope celebrates Mass in Lourdes An ailing Pope John Paul II says Mass at Lourdes, the French shrine revered by Roman Catholics.",0
0,Rwandan soldiers arrive in Sudan Rwandan troops arrive in Sudan to help protect ceasefire monitors in the war-ravaged Darfur region.,0
0,Thorpe leads big guns Ian Thorpe sets the fastest time in the 200m freestyle as swimming's top names cruise into the semi-finals.,0
0,Mystery over judo 'protest' Iran's Arash Miresmaili withdraws from the Olympics amid confusion over his reasons.,0
0,Jackson probe 'should be public' Santa Barbara's sheriff asks a judge if he can release the results of an inquiry into Michael Jackson's treatment by police.,0
0,Rumsfeld warning for Iraq's Sadr The Iraq crisis and differences over Nato loom over the US Defence Secretary's meeting with his Russian counterpart.,0
0,"South Ossetia ceasefire discussed Georgia and South Ossetia negotiate the details of a truce they forged, despite reports of a village attack.",0
0,'Mock executions' for UK hostage The British journalist who was kidnapped in Iraq says he faced mock executions and tried to escape his captors.,0
0,India carries out rare execution A man convicted of raping and killing a schoolgirl is hanged in India's first execution in nine years.,0
0,Rowling reads to gathered fans Harry Potter author JK Rowling delights a small group of fans by giving her first public reading in Scotland for four years.,0
0,"President's fate is on the line in Venezuela CARACAS -- Partisans on both sides are calling it the most polarized and important election in Venezuela's history, a presidential recall referendum today that will determine the course of democracy here and could buffet world oil prices. Both campaigns are also utterly convinced they will win.",0
0,"Lamenting London's double-deckers Up-to-date buses supplant symbol LONDON -- On a sweltering August afternoon, George Watson wedged himself, his briefcase, his sports jacket, and his raincoat into a narrow seat aboard the profoundly un-air-conditioned No. 38 bus, as it resumed its rumble down High Holborn, in London's bustling city center.",0
0,"Clash among warlords casts doubt on Afghanistan's security KABUL, Afghanistan -- Rival militias clashed in western Afghanistan yesterday, reportedly killing 21 people and ramping up concern about security as the country prepares for landmark elections.",0
0,"Options running out as Najaf talks collapse BAGHDAD -- After more than a week of fighting between the Mahdi Army and the combined US and Iraqi forces in Najaf, Baghdad's Sadr City, and a half-dozen other cities, analysts say neither interim Prime Minister Iyad Allawi nor radical cleric Moqtada al-Sadr had any good options left other than to talk.",0
0,"Japanese youths' rage fuels wave of violent crime SASEBO, Japan -- On a cloudless afternoon in this sleepy port city, an 11-year-old girl drenched in blood and clutching a box cutter walked into the lunchroom at her elementary school. Teachers and students froze, assuming the sixth-grader known for her lighthearted nature had gravely hurt herself -- but she quickly dispelled that impression, witnesses said, by uttering a few ...",0
0,"NATO proclaims victory in Bosnia SARAJEVO, Bosnia-Herzegovina -- When NATO forces first came to Bosnia nearly a decade ago, they lived in heavily guarded compounds, patrolled the streets in tanks, and often wore full body armor.",0
0,"Koreans of mixed race tackle a prejudice SEOUL -- For years, Lee Yu Jin kept her secret. Whenever anybody asked -- and they did all the time as her celebrity as an actress and model spread -- she simply denied the rumors. No, she was not a foreigner. She was Korean.",0
1,"Venezuela Holds Referendum on President CARACAS, Venezuela - The opposition's long and bitter campaign to oust Venezuelan President Hugo Chavez finally came down to a recall referendum Sunday, with the leftist leader hoping a huge turnout among the poor will keep him in power.    Activists on both sides set off fireworks and blared recordings of bugle music to wake voters hours before dawn, hoping for a flood of early votes in their favor...",1
0,"Floridians Return to Storm-Ravaged Homes PUNTA GORDA, Fla. - After getting a first look at the widespread damage left behind by Hurricane Charley, Florida residents were faced with the arduous task of sorting through the wreckage, and for some, starting over again...",0
0,"Charley May Not Spike Insurance Premiums MIAMI - Hurricane Charley probably will not cause Floridians' insurance premiums to skyrocket like 1992's Andrew, and fewer insurers should go bankrupt from paying out damages expected to reach the billions of dollars, state and industry officials said Saturday.    They say previous premium increases and overhauls made because of Andrew, the most expensive natural disaster in U.S...",0
0,"Florida Residents Face Hurricane Wreckage PUNTA GORDA, Fla. - After getting a first look at the widespread damage left behind by Hurricane Charley, Florida residents were faced with the arduous task of sorting through the wreckage, and for some, starting over again...",0
0,"Phelps, Thorpe Advance in 200 Freestyle ATHENS, Greece - Michael Phelps took care of qualifying for the Olympic 200-meter freestyle semifinals Sunday, and then found out he had been added to the American team for the evening's 400 freestyle relay final. Phelps' rivals Ian Thorpe and Pieter van den Hoogenband and teammate Klete Keller were faster than the teenager in the 200 free preliminaries...",0
0,"Venezuela Opposition Holds Recall Vote CARACAS, Venezuela - The opposition's long and bitter campaign to oust Venezuelan President Hugo Chavez finally came down to a recall referendum Sunday, with the leftist leader hoping a huge turnout among the poor will keep him in power.    Officials from around the world - including Pope John Paul II and U.S...",0
0,"Bomb at India Independence Parade Kills 15 NEW DELHI - A bomb exploded during an Independence Day parade in India's remote northeast on Sunday, killing at least 15 people, officials said, just an hour after Prime Minister Manmohan Singh pledged to fight terrorism. The outlawed United Liberation Front of Asom was suspected of being behind the attack in Assam state and a second one later in the area, said Assam Inspector General of Police Khagen Sharma...",0
1,"Memorial Service Held for Lori Hacking OREM, Utah - Family and friends of Lori Hacking gathered Saturday for a memorial service to remember the woman whom authorities believe was slain by her husband while she slept.    About 600 people attended the service, including the parents of both Lori Hacking and her husband, Mark, who has been charged with her murder...",1
0,"Phelps, Thorpe Advance in 200 Freestyle ATHENS, Greece - Michael Phelps took care of qualifying for the Olympic 200-meter freestyle semifinals Sunday, and then found out he had been added to the American team for the evening's 400 freestyle relay final.    Phelps' rivals Ian Thorpe and Pieter van den Hoogenband and teammate Klete Keller were faster than the teenager in the 200 free preliminaries...",0
1,"Pilgrims Crowd Field for Mass With Pope LOURDES, France - A frail Pope John Paul II celebrated an open-air Mass on Sunday as several hundred thousand pilgrims, many in wheelchairs, crowded onto a field near a French shrine to the Virgin Mary that is associated with miraculous cures of the sick.    The Mass was a highlight of the Pope's two-day visit to Lourdes, a town in the Pyrenees where Roman Catholic tradition says St...",1
0,Iraqi Troops to Take Lead in Fighting Militia Iraq will send troops to Najaf to battle a Shiite Muslim militia after peace talks collapsed between the government and Moqtada Sadr.,0
0,High Stakes Showdown in Najaf The fallout from Shiites fighting U.S. Marines in a holy city could weaken Iraq's new government,0
1,"Kobe Bryant Due Back in Court Monday (AP) AP - With Kobe Bryant's sexual assault trial scheduled to begin in less than two weeks, speculation is mounting that prosecutors are looking for a way to dismiss the charge after a series of setbacks.",1
1,Rangers Designate Bacsik for Assignment (AP) AP - Pitcher Mike Bacsik was designated for assignment by the Texas Rangers on Sunday after going 1-1 with a 4.60 ERA in three starts.,1
1,"Arsenal Beats Everton to Extend Streak (AP) AP - Arsenal opened its defense of its English title with a 4-1 win at Everton on Sunday, making it 41 straight games without a loss in the Premier League.",1
1,"Nadal Wins in Poland for First ATP Title (AP) AP - Spain's Rafael Nadal won his first ATP singles title Sunday, beating Argentina's Jose Acasuso 6-3, 6-4 in the final at the Idea Prokom Open.",1
1,"Zahringer Leads Field at U.S. Amateur (AP) AP - George Zahringer III is back for another shot at the U.S. Amateur. The New Yorker is one of three returning quarterfinalists for the tournament, which begins Monday at the Winged Foot Golf Club. Lee Williams of Alexander City, Ala., and Patrick Carter of Lesage, W.Va., complete the trio from last year's championship that was won by Nick Flanagan of Australia.",1
1,Pau Edges Yao in Clash of the Giants  ATHENS (Reuters) - Spain's Pau Gasol got the better of  China's Yao Ming in Olympic basketball's own clash of the  giants Sunday.,1
1,"Hamilton Sets Early Pace as Woods Struggles  KOHLER, Wis. (Reuters) - British Open champion Todd  Hamilton made the first significant move in the U.S. PGA  Championship final round Sunday as overnight pacesetter Vijay  Singh prepared for an afternoon tee-off.",1
1,"Iran Defies Olympic Spirit by Shunning Israel  ATHENS (Reuters) - Iran's world judo champion Arash  Miresmaeili refused to compete against an Israeli Sunday,  triggering a fresh crisis at the Olympic Games where race,  creed or color are barred from interfering in sport.",1
1,U.S. Softball Team Puts Australia in Its Place  ATHENS (Reuters) - The United States kept itself firmly on  course for a third straight Olympic softball gold medal when it  thrashed Australia 10-0 Sunday.,1
1,Schumacher Triumphs as Ferrari Clinches Title  BUDAPEST (Reuters) - Michael Schumacher cruised to a record  12th win of the season in the Hungarian Grand Prix on Sunday to  hand his Ferrari team a sixth successive constructors' title.,1
0,Nearly 10 Million Afghans to Embrace Democracy (Reuters) Reuters - Thousands of U.S. troops in Afghanistan\may have failed to catch Osama bin Laden but they are credited\with encouraging millions of Afghans to register for the\country's historic election in October.,0
0,"Mortars Mark Opening of Iraqi Political Conference (Reuters) Reuters - Insurgents fired mortars at a meeting\where Iraqi leaders met to pick an interim national assembly\Sunday, killing at least two people in a grim reminder of the\country's tortuous path toward democracy.",0
0,"Conference Gives Iraq Democracy First Test (AP) AP - Despite the steady clang of mortar shells outside and persistent violence in the country, many delegates at the opening on Sunday of Iraq's National Conference held out hope that this first fragile taste of democracy would succeed.",0
0,"Countries Run Drills for Panana Attack (AP) AP - The U.S. Coast Guard boarded the ship in the choppy Caribbean waters and began counting crew members, but the numbers did not match those given earlier.",0
0,"Police push for surveillance fee on customers' phone, Internet bills (Canadian Press) Canadian Press - OTTAWA (CP) - Canada's police chiefs propose a surcharge of about 25 cents on monthly telephone and Internet bills to cover the cost of tapping into the communications of terrorists and other criminals.",0
0,Bush should have tackled reform before naming CIA boss: lawmaker (AFP) AFP - The top Democrat on the House intelligence committee urged fellow lawmakers not to allow confirmation hearings on a new CIA director to derail efforts to overhaul US spy agencies.,0
0,"Venezuelans Rush to Vote in Referendum on Chavez  CARACAS, Venezuela (Reuters) - Venezuelans crowded polling  stations on Sunday to vote on whether to recall left-wing  President Hugo Chavez or back his mandate to govern the world's  No. 5 oil exporter for the next two years.",0
0,"TV: Iraqi Kidnappers of Iran Envoy Want POWs Freed  TEHRAN (Reuters) - Kidnappers holding an Iranian diplomat  in Iraq will ""punish"" him within 48 hours if Iran does not  release 500 prisoners captured in its 1980-1988 war with Iraq,  Iranian state television said Sunday.",0
0,Nearly 10 Million Afghans to Embrace Democracy  KABUL (Reuters) - Thousands of U.S. troops in Afghanistan  may have failed to catch Osama bin Laden but they are credited  with encouraging millions of Afghans to register for the  country's historic election in October.,0
0,France marks the 'other D-Day' Two days of celebrations to honour the Allied veterans who liberated southern France near a climax.,0
0,"Phish farewell attracts thousands ""Jam band"" Phish play their last gigs together at a special festival in the US which has attracted thousands of fans.",0
0,Iraq troops move angers S Koreans Clashes with riot police erupt as thousands protest in Seoul against plans to send troops to help US-led forces in Iraq.,0
0,"Phelps, Rival Thorpe in 200M-Free Semis ATHENS, Greece - Michael Phelps took care of qualifying for the Olympic 200-meter freestyle semifinals Sunday, and then found out he had been added to the American team for the evening's 400 freestyle relay final.    Phelps' rivals Ian Thorpe and Pieter van den Hoogenband and teammate Klete Keller were faster than the teenager in the 200 free preliminaries...",0
0,"Pope Struggles Through Mass at Lourdes LOURDES, France - A sick man among the sick, Pope John Paul II struggled through Sunday Mass at a French shrine that draws desperate people seeking miracle cures. The 84-year-old pontiff gasped, trembled and asked aides for help during the 2 1/2 hour service in sizzling heat...",0
0,"Singh, Leonard in Final Pairing at PGA HAVEN, Wis. - Whistling Straits is suddenly the least of anyone's worries...",0
1,"Venezuela Voters Turn Out in Huge Numbers CARACAS, Venezuela - Voters turned out in huge numbers Sunday to decide whether to keep populist President Hugo Chavez in power or oust him and his social revolution that critics say has sidelined the middle class and fueled tensions between rich and poor.    Activists on both sides set off huge firecrackers and played recorded bugle songs to wake voters hours before dawn...",1
0,"Reservists Say War Makes Them Lose Jobs WASHINGTON - Increasing numbers of National Guard and Reserve troops who have returned from war in Iraq and Afghanistan are encountering new battles with their civilian employers at home. Jobs were eliminated, benefits reduced and promotions forgotten...",0
0,"Wildfire Sweeps by Old Calif. Mining Town REDDING, Calif. - A wind-fueled wildfire roared through an old mining town near Redding on Sunday, destroying 20 homes and forcing nearly 125 residents to flee, officials said...",0
1,"US NBA players become the Nightmare Team after epic loss (AFP) AFP - Call them the ""Nightmare Team"".",1
1,"Report: Roenick Paid for Betting Tips (AP) AP - Flyers star Jeremy Roenick paid more than  #36;100,000 to a Florida firm that made millions selling betting tips to gamblers, law enforcement officials told The Philadelphia Inquirer.",1
1,U.S. Basketball Team Loses to Puerto Rico  ATHENS (Reuters) - The United States lost their first  basketball match at the Olympics since 1988 on Sunday when  Puerto Rico gave them a shock 92-73 trouncing.,1
1,South Africa Ends Phelps Medal Quest  ATHENS (Reuters) - South Africa ruined Michael Phelps's  dream of winning a record eight gold medals at the Athens  Olympics with a stunning victory in the men's 4x100 meters  freestyle final on Sunday.,1
1,"Iran Snub to Israel Challenges IOC  ATHENS (Reuters) - Iran defied the Olympic spirit on Sunday  by refusing to contest a judo bout with an Israeli at the  Athens Games, making no effort to hide the fact it was putting  solidarity with the Palestinians before gold medals.",1
1,Romanian Gymnasts Edge Ahead of U.S. Women  ATHENS (Reuters) - Daniela Sofronie displayed all her  athleticism to edge Romania ahead of the United States in the  Olympic women's gymnastics team qualifying Sunday.,1
0,"Parks Canada protest greets prime minister at closing of Acadian Congress (Canadian Press) Canadian Press - GRAND PRE, N.S. (CP) - Prime Minister Paul Martin was met with a silent protest Sunday as he attended the closing of the World Acadian Congress in Nova Scotia.",0
0,"Palestinians in Israeli Jails Start Hunger Strike  RAMALLAH, West Bank (Reuters) - Thousands of Palestinian  prisoners in Israeli jails began a hunger strike for better  conditions on Sunday, but Israel's security minister said he  didn't care if they starved to death.",0
0,"Frail Pope Ends Tiring Lourdes Pilgrimage  LOURDES, France (Reuters) - Pope John Paul, a sick man  among the sick, wound up a emotional visit to this miracle  shrine Sunday and struggled with iron determination to finish a  sermon in order to encourage others suffering around him.",0
0,"No Gold for Phelps As Relay Team Falters ATHENS, Greece - Mark Spitz can rest easy. The best Michael Phelps can do is win seven gold medals at these Olympics...",0
0,"Dream Team Stunned by Puerto Rico 92-73 ATHENS, Greece - In an upset that was as historic as it was inevitable, the U.S. men's basketball team lost for only the third time ever in the Olympics on Sunday, 92-73 to Puerto Rico...",0
1,"Roddick, Venus, Navratilova Win Openers (AP) AP - Bothered more by the wind and her wrist wrap than her opponent, defending gold medalist Venus Williams overpowered Melinda Czink of Hungary 6-1, 6-2 in the opening match of the Athens Games' tennis tournament. Andy Roddick made his Olympic debut with a 6-3, 7-6 (4) victory over Flavio Saretta of Brazil, swatting 12 aces and 16 service winners.",1
1,American Duo Wins Opening Beach Volleyball Match  ATHENS (Reuters) - American Misty May gave team mate Kerri  Walsh an ideal 26th birthday present with an easy victory over  Japan in their opening match of the Olympics beach volleyball  tournament on Sunday.,1
1,"Puerto Rico Upsets United States Men The United States men's basketball team lost to Puerto Rico, 92-73. The loss could put the American gold medal hopes in jeopardy.",1
0,"Venezuelans Throng to Polls in Chavez Referendum  CARACAS, Venezuela (Reuters) - Venezuelans crowded polling  stations on Sunday to vote on whether to recall left-wing  President Hugo Chavez or back his mandate to govern the world's  No. 5 oil exporter for the next two years.",0
1,Schumacher Triumphs as Ferrari Seals Formula One Title  BUDAPEST (Reuters) - Michael Schumacher cruised to a record  12th win of the season in the Hungarian Grand Prix on Sunday to  hand his Ferrari team a sixth successive constructors' title.,1
0,"Pope Struggles Through Mass at Lourdes (AP) AP - A sick man among the sick, Pope John Paul II struggled through Sunday Mass at a French shrine that draws desperate people seeking miracle cures. The 84-year-old pontiff gasped, trembled and asked aides for help during the 2 1/2 hour service in sizzling heat.",0
1,"Nicholls State Fires Football Coach (AP) AP - Nicholls State football coach Daryl Daye was fired Sunday over accusations of academic fraud involving players and an assistant coach. Daye was not implicated in the alleged fraud, but an investigation found he failed to ""maintain proper controls"" of the assistant, the Southland Conference school said.",1
0,"Florida Starts Massive Hurricane Cleanup PUNTA GORDA, Fla. - Residents left homeless by Hurricane Charley's 145 mph winds dug through their ravaged homes on Sunday, sweeping up shattered glass and rescuing what they could as President Bush promised rapid delivery of disaster aid...",0
0,"Nicky Hilton Marries in Vegas LAS VEGAS - Hotel heiress Nicky Hilton married a New York money manager before dawn Sunday in an impromptu ceremony, according to court filings obtained by The Associated Press.    Hilton, 20, married Todd Andrew Meister, 33, at the Las Vegas Wedding Chapel, according a Clark County marriage license...",0
0,"Election-Year Rate Hike Puzzles Some WASHINGTON - Going against conventional wisdom, the Federal Reserve is raising interest rates in an election year. And it is Fed Chairman Alan Greenspan, a Republican, who is leading the charge even though an incumbent Republican in the White House is facing voter unrest about the state of the economy...",0
0,"Explosions Echo Throughout Najaf NAJAF, Iraq - U.S. tanks and troops rolled back into the center of Najaf and battled with Shiite militants Sunday, reigniting violence in the holy city just as delegates in Baghdad opened a conference meant to be a landmark in the country's movement toward democracy...",0
1,"Venezuela Voters Turn Out in Huge Numbers CARACAS, Venezuela - Summoned by bugle calls and firecrackers, millions of Venezuelans turned out in unprecedented numbers Sunday to vote on whether to force leftist President Hugo Chavez from office.    Lines snaked for blocks in upscale neighborhoods, where suspicion is high that the leftist leader plans a Cuba-style dictatorship, and in the slums, where support for his ""revolution for the poor"" is fervent...",1
0,Man Linked to N.J. Gov. Says He's Straight JERUSALEM - The Israeli man at the center of New Jersey Gov. James E...,0
1,Iraq Reaches Olympic Soccer Quarterfinals  ATHENS (Reuters) - Iraq's fairytale Olympic run continued  on Sunday when they beat Costa Rica 2-0 to reach the  quarter-finals of the Athens Games.,1
1,No Gold for Phelps as Relay Team Falters South Africa won the gold medal Sunday in the men's 400-meter freestyle relay with a world-record time of 3 minutes 13.17 seconds.,1
0,"Venezuela Oil Official Predicts Stability (AP) AP - Venezuela's oil industry will enter a new period of stability and growth after Sunday's referendum on Hugo Chavez's presidency, the president of the state-run oil company said Sunday.",0
1,"O's Beat Blue Jays With Eight-Run Eighth (AP) AP - David Newhan tied a career high with four hits, including a go-ahead double in Baltimore's eight-run eighth inning, and the Orioles rallied for an 11-7 victory over the Toronto Blue Jays on Sunday.",1
0,"Italy on alert after purported Al-Qaeda ultimatum expires (AFP) AFP - Italy was on high alert as a group linked to Al-Qaeda reportedly threatened to attack, singling out Prime Minister Silvio Berlusconi as a target, after the expiry of a deadline for Rome to pull its troops out of Iraq.",0
0,"Edwards Caps Intense Push in Iowa (AP) AP - Capping an intense 10-day competition for Iowa's seven electoral votes, Democratic vice presidential nominee John Edwards accused the Bush administration on Sunday of being captured by drug and insurance interests at the expense of working families.",0
0,Two visions of Iraq struggle to take hold Fighting in Najaf threatened to undermine a conference to choose a national assembly.,0
1,Giants Top Phillies 3-1 to Finish Sweep (AP) AP - Brett Tomko allowed one run in six innings for his first win in nearly a month and helped San Francisco complete a three-game sweep of the Philadelphia Phillies with a 3-1 victory Sunday.,1
1,South Africa Ends Phelps' Gold Medal Quest  ATHENS (Reuters) - South Africa ruined Michael Phelps's  dream of winning a record eight gold medals in a dramatic and  controversial day of swimming at the Athens Olympics on Sunday.,1
1,"Johnson Helps D - Backs End Nine - Game Slide NEW YORK (AP) -- Randy Johnson took a four-hitter into the ninth inning to help the Arizona Diamondbacks end a nine-game losing streak Sunday, beating Steve Trachsel and the New York Mets 2-0.",1
1,Perry Out for Season Eagles running back Bruce Perry will miss his rookie season after dislocating a shoulder in an exhibition game against the New England Patriots.,1
0,"Millions Wait Hours in Venezuela to Vote in Recall Election The unprecedented vote was sluggish as huge crowds lined up at voting booths. Results were not expected until 8 p.m., or later.",0
1,"Leonard Forges Two Clear with Nine to Play at PGA  KOHLER, Wisconsin (Reuters) - American Justin Leonard  stayed on track for his second major title in the U.S. PGA  Championship final round on Sunday, moving two shots clear with  nine holes to play.",1
0,"'Alien Vs. Predator' Smacks Down Rivals LOS ANGELES - Movie-goers were easy prey for a double dose of space invaders. The sci-fi smackdown ""Alien vs...",0
0,"U.S. Men Stunned by Puerto Rico, 92-73 ATHENS, Greece - In an upset as historic as it was inevitable, Tim Duncan, Allen Iverson and the rest of the U.S. basketball team lost 92-73 to Puerto Rico on Sunday, only the third Olympic loss ever for America and its first since adding pros...",0
1,49ers' Beasley Could Miss Several Weeks (AP) AP - Fullback Fred Beasley could be sidelined until the 49ers' season opener Sept. 12 against the Atlanta Falcons with a high left ankle sprain.,1
1,"Dodgers Rally in 8th to Defeat Cubs 8-5 (AP) AP - Adrian Beltre and Shawn Green homered, and Steve Finley hit a go-ahead RBI single in the eighth inning as the Los Angeles Dodgers rallied for an 8-5 victory over the Chicago Cubs on Sunday.",1
0,UN Weighs Situation in Burundi Following Massacre  UNITED NATIONS (Reuters) - The U.N. Security Council met in  emergency session concerning Burundi on Sunday following the  massacre of more than 150 Tutsi Congolese refugees at a camp in  western Burundi.,0
1,"Teen Is First Black National USTA Champion (AP) AP - Scoville Jenkins, a 17-year-old from Atlanta, became the first black to win the 18s singles championship of the U.S. Tennis Association Boys Nationals.",1
0,"Rwanda Troops Start AU Mission in Darfur (Reuters) Reuters - Rwandan troops arrived in\Darfur Sunday as the first foreign force there, mandated to\protect observers monitoring a shaky cease-fire between the\Sudanese government and rebels in the remote western region.",0
0,"Rwanda Troops Start AU Mission in Darfur  EL FASHER, Sudan (Reuters) - Rwandan troops arrived in  Darfur Sunday as the first foreign force there, mandated to  protect observers monitoring a shaky cease-fire between the  Sudanese government and rebels in the remote western region.",0
1,"Marlins Beat Brewers 5-3 in 10 Innings (AP) AP - Luis Castillo tied the score with a ninth-inning single, and pinch-hitter Damion Easley hit a two-run double in the 10th inning that led the Florida Marlins over the Milwaukee Brewers 5-3 Sunday.",1
1,"U.S. Soldiers Battle Shiites in Najaf NAJAF, Iraq - U.S. tanks and troops rolled back into the center of Najaf and battled with Shiite militants Sunday, reigniting violence in the holy city just as delegates in Baghdad opened a conference meant to be a landmark in the country's movement toward democracy...",1
1,NL Wrap: Johnson Fans 14 Mets as Arizona Snaps Slide (Reuters) Reuters - Randy Johnson struck out 14 batters in\8 1/3 innings to help the Arizona Diamondbacks end a nine-game\losing streak with a 2-0 win over the New York Mets on Sunday.,1
1,NL Wrap: Johnson Fans 14 Mets as Arizona Snaps Slide  NEW YORK (Reuters) - Randy Johnson struck out 14 batters in  8 1/3 innings to help the Arizona Diamondbacks end a nine-game  losing streak with a 2-0 win over the New York Mets on Sunday.,1
0,"New U.N. Official Assumes Kosovo Control (AP) AP - The new U.N. administrator for Kosovo took control Sunday of the Serbian province, which has remained deeply divided along ethnic lines since the end of a 1999 war.",0
1,"Venezuelans Line Up to Vote on Chavez CARACAS, Venezuela - Summoned by bugle calls and the detonations of huge firecrackers, Venezuelans turned out in unprecedented numbers Sunday to vote on whether to force leftist President Hugo Chavez from office.    Some lines at polling places extended for 1.25 miles, stunning even veteran election monitors...",1
1,AL Wrap: Koskie Slugs Homer in 10th as Twins Edge Indians  NEW YORK (Reuters) - Corey Koskie clubbed a two-run homer  in the top of the 10th inning to help the Minnesota Twins hold  on to first place in the American League Central with a 4-2  road win over the Cleveland Indians.,1
1,"Whistling Straits Proves It's Major League Whistling Straits has received magnificent reviews during the P.G.A. Championship, which is currently in a three-man playoff between Justin Leonard, Vijay Singh and Chris DiMarco.",1
1,"Puerto Rico Stuns U.S. in Opening Round Puerto Rico upsets the United States, 92-73, at the men's basketball preliminaries on Sunday, the first loss at the Games for the three-time defending gold medalists since 1988.",1
1,"Monday Morning The regular Monday Morning contributors will return to this page next week, as will the weekly poll.",1
1,"Homer Sinks Indians Corey Koskie hit a two-run homer in the 10th inning as the Twins overcame a two-run deficit for a 4-2 win Sunday, giving them a two-game lead over the second-place Indians.",1
1,"Despite Setbacks, Stahl Maintains Healthy Dose of Optimism At 23, pitcher Richard Stahl knows there's still time to impress the Baltimore Orioles' front office. He just needs to stay on the mound long enough.",1
1,AL Wrap: Koskie Slugs Homer in 10th as Twins Edge Indians (Reuters) Reuters - Corey Koskie clubbed a two-run homer\in the top of the 10th inning to help the Minnesota Twins hold\on to first place in the American League Central with a 4-2\road win over the Cleveland Indians.,1
0,"Venezuela Voters Crowd Polls in Chavez Referendum  CARACAS, Venezuela (Reuters) - Venezuelans crowded polling  stations on Sunday to vote on whether to recall left-wing  President Hugo Chavez or back his mandate to govern the world's  No. 5 oil exporter for the next two years.",0
0,Device 'may aid kidney dialysis' Scientists are developing a device which could improve the lives of kidney dialysis patients.,0
1,"Singh Wins PGA Championship in Playoff (AP) AP - The only birdie Vijay Singh made all day was the only one that mattered. All but counted out of the PGA Championship with a putter that failed him, Singh took advantage of a late collapse by Justin Leonard to get into a three-way playoff Sunday at Whistling Straits, then made the only birdie over the three extra holes to win the final major of the year.",1
1,"Singh Snares PGA Title Vijay Singh outlasts Justin Leonard and Chris DiMarco in a three-way playoff to win the PGA Championship on Sunday at Whistling Straits in Haven, Wisconsin.",1
0,"U.S. Battles Shiites in Iraqi Holy City (AP) AP - U.S. tanks and troops rolled back into the center of Najaf and battled with Shiite militants Sunday, reigniting violence in the holy city just as delegates in Baghdad opened a conference meant to be a landmark in the country's movement toward democracy.",0
0,"Rumsfeld Briefs Russia on Shift of Forces WASHINGTON - Defense Secretary Donald Rumsfeld briefed his Russian counterpart over the weekend on U.S. plans to shift its forces stationed around the globe, in some cases potentially bringing them closer to Russia's borders...",0
0,China's Panchen Lama visits Tibet The boy named by the Chinese authorities as the 11th Panchen Lama visits a temple in Tibet.,0
0,"Bomb Kills 16 During Indian Celebration A powerful bomb killed at least 16 people, many of them schoolchildren, and wounded about 40 others as they assembled for an Independence Day parade Sunday in the northeastern state of Assam, authorities said.",0
1,"Phelps' Quest to Win 8 Gold Medals Ends (AP) AP - Michael Phelps surely didn't bargain for this. His quest to win eight gold medals is over, doomed by America's worst showing in the 400-meter freestyle relay. Gary Hall Jr. is ticked off. And now comes the toughest race of all against Ian Thorpe. Not exactly what Phelps had in mind when he decided to challenge Mark Spitz.",1
1,"Nhleko Scores As Burn Beat MetroStars 1-0 (AP) AP - Reserve forward Toni Nhleko knocked in a header one minute into stoppage time, leading the Dallas Burn to a 1-0 victory over the first-place MetroStars on Sunday.",1
0,"Rwandan troops arrive in Darfur as president vows force to protect civilians (Canadian Press) Canadian Press - AL-FASHER, Sudan (AP) - Dozens of Rwandan soldiers arrived in Sudan's troubled Darfur region Sunday, the first foreign armed force deployed in the area since Arab militiamen began a rampage against black African farmers, killing thousands.",0
1,"Woods Comes Up Empty, but Still No. 1 (AP) AP - Tiger Woods came up empty in a major again, but he's still the No. 1 ranked player in the world.",1
1,"Tennessee Tech's Worrell Extends Contract (AP) AP - Longtime Tennessee Tech women's basketball coach Bill Worrell has agreed to a new three-year contract with the option for three more years, the school announced Sunday.",1
1,Brad Ott Gets First Nationwide Victory (AP) AP - Brad Ott shot an 8-under 64 on Sunday to win the Nationwide Tour's Price Cutter Charity Championship for his first Nationwide victory.,1
0,"Snow Storms Blanket Southern New Zealand (AP) AP - Snow storms isolated New Zealand's fourth biggest city of Dunedin on Monday, closing major roads, shutting schools and factories, and freezing newborn lambs.",0
0,Swimming showdown Ian Thorpe and Michael Phelps will chase gold in the men's 200m freestyle on day three of the Olympics.,0
0,"Puerto Rico Stuns Dream Team, 92-73 ATHENS, Greece - In an upset as historic as it was inevitable, Tim Duncan, Allen Iverson and the rest of the U.S. basketball team lost 92-73 to Puerto Rico on Sunday, only the third Olympic loss ever for America and its first since adding pros...",0
0,Iraqi Conference on Election Plan Sinks Into Chaos The conference was thrown into disorder by delegates staging protests against the U.S.-led military operation in Najaf.,0
0,F.B.I. Goes Knocking for Political Troublemakers The F.B.I. has been questioning demonstrators in an effort to forestall violent protests at the Republican National Convention.,0
0,"Tropical Storm Earl Hits Caribbean Isles ST. GEORGE'S, Grenada - Tropical Storm Earl unleashed heavy rains and violent winds that felled trees and ripped off roofs Sunday in the eastern Caribbean, while hundreds of people sought refuge in shelters...",0
0,"Report: Michael Jackson Not 'Manhandled' LOS ANGELES - The state attorney general's office has concluded that Michael Jackson was not ""manhandled"" by sheriff's deputies who took him into custody last year on child molestation charges, CBS News reported Sunday.    The findings were contained in a three-page letter Martin A...",0
0,"Democrats Pressure McGreevey to Leave Soon TRENTON, N.J. - High-level New Jersey Democrats said Sunday that pressure is building among members of Gov...",0
