2,House Ethics Panel Says DeLay Tried to Trade Favor for a Vote A panel admonished Representative Tom DeLay for improperly trying to win the vote of a lawmaker during a floor fight over a bill.,2
2,"Explosions rock Red Sea resorts in Egypt An explosion rocked the Hilton Hotel in Egypt #39;s Red Sea resort of Taba Thursday night, killing at least 35 people and injuring more than 160 others, Qatar-based al-Jazeera satellite TV channel reported.",2
2,"Iraq Vote Preparations Said on Schedule (AP) AP - Preparations for the crucial January election are ""on track"" and the absence of international observers due to the country's tenuous security should not detract from the vote's credibility, the top U.N. electoral expert here said.",2
0,"In remote India, guarding land of ancestors tops lure of oil WOKHA, India -- The Nagas of northeastern India, warriors for centuries, launched the country's oldest insurgency nearly five decades ago -- a few years before their last tribe gave up headhunting. They have been poor for much longer, but they are in no hurry to tap the oil riches lying roughly a mile beneath their feet. Protecting the land their ...",0
2,"Mubarak seeks comprehensive reforms in Egypt Egyptian President Husni Mubarak wants reform on the economic, political and social fronts, according to an interview published on the eve of his ruling National Democratic Party #39;s (NDP) annual convention.",2
2,Romania ends negotiations to join EU (AFP) AFP - Romanian Foreign Minister Mircea Geoana said his country had completed its negotiations to join the European Union in 2007.,2
2,"Cows munch on light aircraft (AFP) AFP - When Tony Cooper and Lisa Kingscott left their four-seater light plane parked in a field to have lunch with friends nearby, they paid little attention to the cows quietly grazing nearby.",2
2,Germany #39;s most beautiful words Habseligkeiten - which means  #39;property #39; - has been voted the most beautiful word in the German language. And rhabarbermarmelade -  #39;rhubarb jam #39; - has been singled out as Germany #39;s coolest word.,2
2,"16 killed in suicide bombings in Israel BEERSHEBA, Israel -- Palestinian suicide bombers blew up two passenger buses in near-simultaneous explosions yesterday afternoon along the main thoroughfare of this southern Israeli city, killing 16 people and shattering a five-month lull in suicide attacks inside the Jewish state.",2
2,"Kidnappers Release 2 of 4 Iraqi Guards A US Embassy spokesman said Tuesday that an American, a Nepalese, a Filipino and an Iraqi remain hostages after a kidnapping raid Monday night in Baghdad.",2
2,"Japan, U.S. Reach Deal on Beef Imports (AP) AP - U.S. and Japanese negotiators struck a deal Saturday to allow limited imports of American beef into Japan for the first time since Tokyo closed its billion-dollar market last year over a mad cow disease scare.",2
2,"Dozens trapped in China mine blast TONGCHUAN, CHINA - A gas explosion tore through a coal mine in China #39;s Shaanxi province, trapping as many as 170 miners underground.",2
2,"Abu Ghraib Hearing Underway in Germany Charles Graner, the suspected ringleader in the Iraqi prisoner abuse scandal and three others are facing pre-trial hearings in Germany, marked by warnings by the judge for the US to speed up investigations.",2
0,"UN DR Congo sex abuses 'on film' The UN has photos and video footage of sexual abuses committed by UN staff in DR Congo, says an official.",0
2,Accused U.S. Deserter to Turn Himself In (AP) AP - Alleged U.S. Army deserter Charles Robert Jenkins said Wednesday he would surrender to U.S. military authorities to face charges he deserted his post along the demilitarized zone dividing north and south Korea in the 1960s.,2
0,"Sudanese governor accuses rebels of rape Khartoum - A top official in Sudan #39;s war-torn Darfur region accused rebels of attacking villages and raping women in what he said was a new violation of a fragile ceasefire, a newspaper reported on Sunday.",0
0,"Florida Hopes to Get It Right in Primary Ballot (Reuters) Reuters - Florida, which held up the results of the\2000 presidential election by more than a month, holds a\primary this week that many regard as a test of the state's\readiness to avoid another fiasco in November.",0
2,"Powell warning WASHINGTON: Militia fighters loyal to radical Shi #39;ite Moqtada Al Sadr have left the Imam Ali shrine and the United States does not want them to recover their strength, US Secretary of State Colin Powell said last night.",2
2,"Study: 100,000 Iraqis died post-war LONDON, England -- Public health experts have estimated that around 100,000 Iraqi civilians have died since the United States invaded Iraq in March last year.",2
0,"Bush calls on Israel to freeze settlements NEWYORK - President George W. Bush called on Israel yesterday to enforce a freeze in the settlements and to end the  quot;daily humiliation quot; of the Palestinians, and told the Palestinians that a  quot;commitment to democratic reform is essential to resolving the ",0
0,"For Families of Autistic, the Fight for Ordinary Families with autistic children are finding that techniques that have proved successful in the class can be tried at home.",0
0,"Cuba Expels Spanish, Dutch Legislators in EU Spat  HAVANA/MADRID (Reuters) - Cuba said on Saturday it barred  entry to three European lawmakers on a trip to support  dissidents, setting back Spain's campaign to mend frosty ties  between the EU bloc and the communist-ruled island.",0
0,"Five held for Sinai bombings CAIRO: Egypt announced yesterday it had arrested five of the nine men who bombed Red Sea resorts almost three weeks ago, saying the attackers used stolen cars packed with old war-time explosives and a washing-machine timer.",0
0,"U.S. Aims to Boost Electricity in Iraq to 20 Hours  WASHINGTON (Reuters) - The United States hopes to boost the  availability of electricity throughout Iraq to at least 18  hours a day by the end of next year from 11 to 15 hours now,  the top U.S. aid official said on Friday.",0
2,"Four Palestinians killed in Israeli raid Israeli occupation troops have killed four Palestinians during a raid on the West Bank city of Nablus. Witnesses and medics said three Palestinians, including a member of al-Aqsa Martyrs Brigades, an offshoot ",2
0,Clashes before Hoon #39;s visit to Iraq Three Iraqis have been killed in clashes in Ramadi while six Iraqi civilians and two US soldiers were wounded after a bomb targeting a US convoy exploded in southern Baghdad.,0
0,Editor of Russia #39;s Izvestia forced to step down The editor of Russia #39;s respected Izvestia daily said Monday he was stepping down in a dispute with his publisher over the paper #39;s critical coverage of the school hostage standoff ,0
2,"Milosevic on trial; Reacting to terrorism; A general #39;s crusade; A &lt;b&gt;...&lt;/b&gt; When one considers the United States #39; cold war preoccupation with containing or destroying socialism over the past 50 years, and Washington #39;s exemplary record at destabilizing communism world-wide, it is a mystery that some cannot for a moment imagine ",2
0,"Historical enmity behind worsening Japan-China ties TOKYOFrom submarines to soccer and sex, everything seems to bedevil Japan-China relations these days. And with growing perceptions in Tokyo and Beijing of a military threat from ",0
0,Qanuni Says Candidates to Accept Afghan Election  KABUL (Reuters) - The chief rival to Afghan President Hamid  Karzai in last week's historic presidential election said on  Monday he and several other candidates had dropped a plan to  boycott the election process.,0
2," #39;Small setback #39; for navy escalates into human tragedy, political &lt;b&gt;...&lt;/b&gt; OTTAWA (CP) - What began with word of a minor fire aboard a Canadian submarine in the North Atlantic has grown into an ongoing high seas drama carrying devastating personal consequences and a potentially high political cost.",2
0,"Election-Related Lawsuits Pile Up in Fla. (AP) AP - A lawsuit demanding touch-screen voting machines be made to produce paper records will not be heard until Oct. 18, a judge ruled Friday, raising doubts that any significant changes to the system used by about half of Florida's voters will happen before the election.",0
2,"Small Syrian force withdraws from Lebanon as part of redeployment About 300 Syrian soldiers in a convoy of trucks and armored vehicles crossed the Lebanese border into Syria early Thursday as part of a partial troop withdrawal that began two days ago, Lebanese security officials said.",2
2,"Japan Buddhists pull sponsorship of Myanmar summit after regime shake-up (AFP) AFP - A Japanese group has withdrawn sponsorship of a Buddhist summit in Myanmar next month over concerns about the junta's hardline shake-up, but Yangon says it will go ahead with the event on its own.",2
0,"Dems, GOP Claim Lead Going Into 2nd Debate (AP) AP - President Bush needs to do a lot more than improve his body language for Friday night's second debate, says Democrat John Edwards. The Republicans say it's John Kerry who's got the explaining to do about his policies.",0
0,"2 killed by suicide bomber at station JERUSALEM -- A Palestinian teenager blew herself up at a busy Jerusalem bus station yesterday, killing two Israeli policemen who stopped her for a security check and wounding 16 bystanders in an attack that evaded Israel's clampdown on the West Bank for the Jewish holidays.",0
2,"Former US Ambassador to Israel Dennis Ross Shares Experiences at &lt;b&gt;...&lt;/b&gt; Dennis Ross, the former US ambassador to Israel, joined Washington, DC, area students at The George Washington University last week to talk about his experiences in Israel and dispel myths about the Middle East.",2
2,"Despite IDF operation, Qassams hit Sderot Seven Qassam rockets landed in the western Negev yesterday although the Israel Defense Forces had earlier moved a large contingent of troops into the northern Gaza Strip to prevent the firing of Qassams on Sderot.",2
2,"Global Warming Treaty Gets Russia #39;s OK Russia #39;s permanent representative to the United Nations, Andrey Denisov, left, shakes hands with UN Secretary-General Kofi Annan while Kenyan Nobel Peace prize winner Wangari Maathai, right, look on after they signed the Kyoto Protocol on global warming.",2
1,"Thatcher vows to appeal court order Lawyers representing Mark Thatcher will appeal a court ruling ordering the son of the former British prime minister to answer questions from Equatorial Guinea on an alleged coup plot, one of his lawyers said on Thursday.",1
0,"Mount St. Helens Releasing Steam After Days of Quakes After a week of gentle rumblings, Mount St. Helens broke open today with a small eruption shortly after noon Pacific time, tossing up a plume of ash and smoke.",0
1,"Palestinian elections crucial: Erakat JERUSALEM : Holding Palestinian leadership elections is crucial, negotiations minister Saeb Erakat said, one day after gunmen opened fire in the presence of PLO chief Mahmud Abbas, killing two policemen.",1
2,Palestinian PM Urges Tactical Rethink in Conflict Prime Minister Ahmed Qurie marked the anniversary of a Palestinian uprising against Israel on Tuesday by calling on both sides to rethink tactics that have brought four years of bloodshed.,2
0,"Farc rebels reject hostage offer The largest rebel group in Colombia, the Farc, rejects a government proposal to exchange prisoners.",0
2,Three UN hostages released unharmed and healthy in Afghanistan (AFP) AFP - Three United Nations hostages were freed in Afghanistan unharmed and healthy after almost four weeks in captivity amid conflicting claims over whether the government promised to free Taliban prisoners in exchange for their release.,2
0,"Red Sox Clobber Athletics 7-1 OAKLAND, Calif. - Johnny Damon hit a leadoff homer in his return to the Red Sox lineup after missing four games with a jammed right pinkie to start Boston's 7-1 win over the Oakland Athletics on Tuesday night...",0
0,North Korea says resumption of six-nation talks depends on US &lt;b&gt;...&lt;/b&gt; North Korea on Tuesday accused the administration of US President George W. Bush of using a dispute over its nuclear weapons program to gain votes in next week #39;s presidential election.,0
0,"British troops killed in Iraq suicide bombing BAGHDAD - Three British soldiers were killed in a suicide car bombing and mortar attack in Iraq Thursday, after taking up duties in a dangerous area south of Baghdad.",0
0,"World Leaders Issue Praise for Powell (AP) AP - World leaders saluted Secretary of State Colin Powell on Monday, with some expressing regret at the departure of a figure who had sought international consensus through his multilateralist views. All said they hoped for constructive ties with his successor.",0
2,"No redrawing of map to solve Kashmir issue; India: India News: New Delhi, Oct 26 : India Tuesday virtually rejected Pakistan President Pervez Musharraf #39;s latest proposal for the resolution of the Kashmir dispute based on a change of status of the region.",2
2,"Malki: Abu Mazen should oversee transition If Marwan Barghouti really wants to be chairman of the Palestinian Authority, he should withhold his candidature at this time and allow Mahmoud Abbas (Abu Mazen) to take responsibility for the transition into the post-Arafat era.",2
0,"Tropical storm kills hundreds Hundreds of people are believed dead in Haiti following flooding in the wake of tropical storm Jeanne, rescuers and witnesses said Monday.",0
0,"Australian PM rejects Annan claims Iraq war 'illegal', criticises UN (AFP) AFP - Australian Prime Minister John Howard rejected claims by UN Secretary General Kofi Annan that the Iraq war was  quot;illegal quot;, slamming the United Nations as  quot;paralysed quot;.",0
0,Portugal leader calls early poll Portuguese President Jorge Sampaio is to dissolve parliament and call early elections over a cabinet crisis.,0
0,"Egypt Prepares for Arafat's Funeral (AP) AP - Egypt prepared Thursday for a strictly controlled military funeral for Yasser Arafat where dignitaries from around the world will pay their respects, but where the people  #151; among whom Arafat was by far more popular  #151; will be mostly shut out.",0
2,"Political Debate at Minn. School Gets Ugly (AP) AP - Three high school students, one allegedly armed with a bat, were charged with attacking a pro-President Bush classmate after he reportedly said only gays would support Sen. John Kerry.",2
2,"Two detained for cinema blaze Istanbul, Turkey - Turkish investigators on Wednesday were questioning two cinema employees about a fire that ripped through an Istanbul movie theatre during a gala premiere and injured some 200 people, officials said.",2
2,"Israel #39;s plans for West Bank grow Israel yesterday announced plans for 500 new housing units in the West Bank, just days after announcing plans to build another 1,000.",2
0,"Thai PM Takes Over Battle to End Muslim Unrest  BANGKOK (Reuters) - Thai Prime Minister Thaksin Shinawatra  said Thursday he would take charge of efforts to end violence  in the largely Muslim south, where nearly 360 people have been  killed since violence erupted in January.",0
2,"Sharon says early elections are a political and economic danger &lt;b&gt;...&lt;/b&gt; After losing two no-confidence motions, PM vows he will do everything in his power to expand Coalition and avoid elections, but stressed, If we are forced to declare elections, we shall.",2
0,GOP Election Victory Shaping Budget Bills (AP) AP - The Republican election victory and the sheer weight of record deficits are shaping a pair of mammoth budget bills that the GOP is trying to shove through Congress during its lame-duck session.,0
2,Sudanese Darfur rebels stall aid pact for refugees (Updated 12:45 &lt;b&gt;...&lt;/b&gt; Sudanese rebels insisted on Tuesday that the government disarm its militias in Darfur before they would sign a deal to bring aid to 1.5 million civilians displaced by violence.,2
0,Cricket: ICC trophy preview The Champions Trophy final against West Indies is England's biggest one-day match for 12 years.,0
1,Palace balcony protester removed A Fathers 4 Justice protester dressed as Batman is removed after scaling Buckingham Palace.,1
0,"British Army probes woman #39;s death The British Army is investigating the death of Staff Sgt Denise Rose, the first British female soldier to die in since the campaign in Iraq began.",0
0,"Uranium processing halted, Iran says Iran announced yesterday that it has frozen all uranium-enrichment programs, weakening a US effort to refer its suspect nuclear activities to the UN Security Council.",0
2,Philippines willing to negotiate with kidnappers in Iraq (AFP) AFP - The Philippine government is willing to negotiate with the kidnappers of a Filipino accountant being held captive in Iraq.,2
2,"Pardon request draws Chechens #39; ire MOSCOW - Amid rising ethnic tensions in the North Caucasus, thousands on Tuesday took to the streets of Grozny, the Chechen capital, to protest the proposed pardon of a Russian army colonel who murdered a young Chechen woman.",2
2,"Japanese company kills protected whales: humane society SYDNEY, AUSTRALIA - The International Humane Society is taking a Japanese whaling company to court in Sydney on Tuesday, accusing it of killing whales in an Australian whale sanctuary.",2
0,"EU Sees Russia Backsliding on Democracy  BRUSSELS (Reuters) - Russsia is ""backsliding"" on democracy  and the bloc must speak to Moscow frankly about it as an equal  partner, the European Union's incoming External Relations  Commissioner said Tuesday.",0
2,"SAP Reports 15 Percent Rise in 3Q Profit (AP) AP - SAP AG, the German business management software maker, reported a 15 percent jump in third-quarter net profit Thursday, citing increased sales across the globe.",2
0,Opposition Party Heads for Win in Lithuanian Election An opposition party led by an ethnic Russian businessman appears headed for victory in Sunday #39;s Lithuanian parliamentary election.,0
2,"Israel air strikes hit Gaza camp One Palestinian is killed and three were injured in Israeli strikes on the Jabaliya refugee camp in Gaza, witnesses say.",2
2,"Mass. Republicans Eye Kerry's Senate Seat (AP) AP - Massachusetts Republicans, while supportive of President Bush's re-election, are mindful of the opportunity created should John Kerry beat him in November's election: the state's first Senate vacancy in two decades and a chance to break the Democratic monopoly on its 12-member delegation in Congress.",2
2,"British man gunned down in Saudi Arabia RIYADH, Saudi Arabia -- Saudi police are seeking two young men in the killing of a Briton in a Riyadh parking lot, the Interior Ministry said today, and the British ambassador called it a terrorist attack.",2
0,"Call for action on internet scam Phone companies are not doing enough to warn customers about internet ""rogue-dialling"" scams, watchdog Icstis warns.",0
0,"Probe questions account given by British former home secretary in visa row (AFP) AFP - An official inquiry will show that former British home secretary David Blunkett originally gave a misleading account in the case of a visa application for his former lover's nanny, a newspaper said.",0
0,"Hundreds in Pakistan protest at funeral A funeral for 30 victims of a mosque bombing in Sialkot, Pakistan, became violent Saturday, with protesters setting fire to several government buildings.",0
1,Ukrainian warns of protests KIEV -- Prime Minister Viktor Yanukovych said yesterday that he would not accept a victory by his opponent in the Dec. 26 rerun of Ukraine's contested presidential race and that his supporters were likely to turn out onto the streets en masse to block such an outcome.,1
2,"Anti-terror ruling: Your reaction Nine law lords have ruled that legislation allowing foreign nationals suspected of terrorism to be locked up indefinitely and without trial, contravenes human rights laws.",2
2,Putin Says Russia Faces Full 'War' to Divide Nation President Vladimir V. Putin acknowledged failures of leadership today as the toll from the end of a school siege rose to 322.,2
2,EU to Cover Half of African Mission in Darfur The European Union says it will contribute \$100 million to an African force in Sudan #39;s troubled Darfur region. EU foreign policy chief Javier Solana said during a visit to Ethiopia Saturday the ,2
2,"Swiss voters back stem cell law Voters in Switzerland have backed a new law permitting research on stem cells from human embryos. The Catholic Church and the influential Green Party had opposed the legislation, saying it involved taking human lives.",2
2,"Editorial: Faint hope in Gaza Israeli Prime Minister Ariel Sharon has won parliamentary endorsement of a plan to remove all 8,000 Israeli settlers and the troops who protect them from the Gaza Strip.",2
2,"Food crisis worsens in North Korea BEIJING The collapse of North Korea #39;s economy has caused food prices there to skyrocket and created new groups of people who cannot afford to buy what they need to live, the World Food Program said on Wednesday. ",2
2,"Gbagbo calls on rebels to disarm Ivory Coast's president urges former rebels to start disarming on Friday, but they refuse to do so.",2
2,APEC helps Chile deepen ties with Asia-Pacific region: govt The Chilean government said Tuesday that the presidency of the Asia-Pacific Economic Cooperation forum (APEC) has helped Chile to deepen relations withthe Asia-Pacific region.,2
0,"Pakistani militants, Al Qaeda seen forging new deadly alliance ISLAMABAD, Pakistan -- Disguised in military-style uniforms, Pakistani extremists waited in a stolen van in the port city of Karachi near a bridge frequented by military officials, and then opened up with machine guns on the motorcade of a high-ranking general.",0
2,Iran Rejects UN Call for Uranium Enrichment Freeze  TEHRAN (Reuters) - Iran rejected Sunday a U.N. resolution  calling on it to freeze uranium enrichment activities and  threatened to stop snap checks of its atomic facilities if its  case were sent to the U.N. Security Council.,2
0,Britain says pressure on Sudan to intensify Khartoum if it does not stop Arab militia terrorising African farmers in the remote western province.  quot;I first discussed the crisis in Darfur when I was in Khartoum in December ... They ,0
0,"Protests Target Bush at Summit in Chile Riot police used water cannons and tear gas Friday to break up a demonstration by hundreds of rock-throwing protesters before more than 20,000 people marched to vent their anger at Pacific Rim leaders, particularly President Bush.",0
1,"'Punk'd' Will Continue 3 More Seasons NEW YORK - A warning to celebrities: you're not in the clear just yet. ""Punk'd,"" hosted by Ashton Kutcher, will continue for three more seasons, MTV spokesman David French confirmed Wednesday...",1
0,"Russia Warns West Against Meddling in Chechnya Foreign Minister Sergei Lavrov warned the West not to meddle with Russia #39;s Chechnya policy on Wednesday in the wake of a bloody hostage crisis, highlighting a growing rift over the issue between former Cold War foes.",0
0,"Ukraine Still in Turmoil Despite Concessions  KIEV (Reuters) - Ukraine's outgoing leader made key  concessions Tuesday to opponents staging mass protests against  a rigged presidential poll, but failed to agree exactly how to  end the ex-Soviet state's political turmoil.",0
0,"BNP chief detained over comments on Islam, Quran As controversy surrounds the Blair Government #39;s plans to extend the incitement laws to cover religious hatred, leader of the far-right British National Party (BNP) Nick Griffin was arrested and was questioned about alleged incitement offences.",0
0,"US Continues Major Attack on Fallujah A US Army soldier watches from atop his armoured vehicle as smoke rises in background after his unit destroyed a seized Katyusha rocket in Baghdad, Iraq, Sunday Oct. 17, 2004.",0
0,CONFUSION OVER BUTCHER AIDE #39;S  #39;CAPTURE #39; Iraqi government forces carried out a series of assaults in Saddam Hussein #39;s home region yesterday that were followed by conflicting reports that his former right-hand man was captured.,0
0,Diabetes tests 'offer cure hope' Scientists say they have made a breakthrough in transplant technology that could help cure more people with diabetes.,0
2,"More U.S. Soldiers Survive War Wounds (AP) AP - For every American soldier killed in Iraq, nine others have been wounded and survived  #151; the highest rate of any war in U.S. history. It isn't that their injuries were less serious, a new report says. In fact, some young soldiers and Marines have had faces, arms and legs blown off and are now returning home badly maimed.",2
1,"Iraqi Delegation Flies to Najaf in Peace Bid  BAGHDAD (Reuters) - A delegation of Iraqi political and  religious leaders flew out of Baghdad on U.S. military  helicopters Tuesday, heading for Najaf in a bid to end a bloody  Shi'ite uprising, delegates said.",1
1,"Blair attends memorial ceremony for British hostage slain in Iraq (AFP) AFP - Prime Minister Tony Blair attended a memorial service in the northwestern English city of Liverpool for Kenneth Bigley, who was beheaded last month after being taken captive in Iraq.",1
0,"Verdict Due for Afghan in Killing of Journalists  KABUL (Reuters) - An Afghan court is expected to announce a  verdict on Saturday in a closed-door trial of a man accused of  killing four foreign journalists, including two from Reuters,  just after the fall of the Taliban three years ago.",0
2,"Tendulkar, Pathan put India on verge of victory (Reuters) Reuters - Sachin Tendulkar cracked a career-best 248 and Irfan Pathan grabbed his maiden 10-wicket haul to take India to the verge of victory at tea on the third day of the first test against Bangladesh on Sunday.",2
1,"Sharon Accuses Far-Right of Inciting Civil War  JERUSALEM (Reuters) - Israeli Prime Minister Ariel Sharon  accused far-rightists Sunday of trying to incite civil war over  his plan to withdraw from Gaza, while tens of thousands of the  premier's opponents massed to denounce the pullout.",1
0,"Chinese police round up petitioners as party meeting enters third day (AFP) AFP - Police have rounded up more than 300 people from a squatter area in southern Beijing where petitioners from all over China have been staying as a key Communist Party meeting convened for a third day Saturday, witnesses say.",0
0,Odumbe handed five-year ban Former Kenya captain Maurice Odumbe receives a five-year ban for receiving money to fix a match.,0
0,F.B.I. Goes Knocking for Political Troublemakers The F.B.I. has been questioning demonstrators in an effort to forestall violent protests at the Republican convention.,0
0,Afghan Militants Drop Guantanamo Prisoner Demand A Taliban splinter faction that has threatened to kill three foreign UN workers abducted in Afghanistan nearly three weeks ago appeared to narrow its demands for their release Tuesday.,0
0,"Karzai set to be Afghan president in ring of steel They are two of the most hawkish members of President George W. Bush #39;s cabinet and key architects of. the Washington-backed war that overthrew the Taliban in the wake of the September 11, 2001 attacks.",0
0,Suicide bomber kills 4 in Tel Aviv #39;s Carmel Market Shortly before 11:30 am a large explosion was heard in Tel Aviv #39;s Carmel Market. A suicide bomber entered the market and blew himself up close to a stall at the corner of Hacarmel St.,0
2,Kidnapped CNN producer freed Palestinian militants yesterday released an Israeli Arab who works as a producer for CNN a day after abducting him at gunpoint in the ,2
2,"EU warns Iran of  #39;serious situation #39; on nuclear plans BRUSSELS - European Union foreign ministers Monday urged Iran to suspend its uranium enrichment activities, saying Tehran could face a  quot;serious situation quot; if it continued to defy the international community.",2
0,"Gunmen hijack Athens bus, hold passengers ATHENS : Armed men hijacked a bus in an Athens suburb early Wednesday, taking some 20 passengers aboard hostage, a police source said.",0
0,BABY CHARLOTTE: VERDICT:  #39;SHE CAN MEET HER END IN THE TLC OF THOSE &lt;b&gt;...&lt;/b&gt; THE judge who ruled sick baby Charlotte Wyatt must be allowed to die said she should do so with dignity in her parents #39; arms. Mr Justice Hedley told the anguished couple it was in their 11-month ,0
0,"Car Bomb Near U.S. Convoy in Ramadi Kills 2 Iraqis  RAMADI, Iraq (Reuters) - A car bomb exploded near a U.S.  convoy in the western city of Ramadi on Tuesday, killing two  civilians and wounding at least four, witnesses said.",0
2,Haiti's Wounds Overwhelm a Suffering Public Hospital Haiti's largest public hospital is barely functioning despite foreign governments' pledging \$1.4 billion toward Haiti's long-term development.,2
2,"Allawi rejects Annan #39;s Fallujah warning Iraq #39;s interim Iraqi Prime Minister, Iyad Allawi, has dismissed warnings from the United Nations secretary-general about the expected United States-led assault on the Iraqi city of Fallujah.",2
1,"At checkpoint, US forces kill 3 Afghan civilians KABUL, Afghanistan -- US soldiers sprayed a pickup with bullets after it failed to stop at a roadblock in central Afghanistan, killing two women and a man and critically wounding two other people, the latest in a string of civilian deaths at the hands of American forces.",1
0,"A sky-high Swedish farewell cake poisons 13 (AFP) AFP - Thirteen employees of a botanical garden in Stockholm ended up in the hospital showing symptoms of drug poisoning after a departing intern served them cake as a goodbye gesture, police said.",0
0,Aid workers get more access to Darfur Sudan has eased access to its troubled Darfur region for relief workers and supplies but hasn #39;t disbanded the marauding militia that caused 1.5 million people to flee their homes ,0
0,IOC recommends Slavkov expulsion The IOC wants suspended Olympic member Ivan Slavkov to be thrown out of the organisation.,0
0,"London oil drops to \$40 a barrel The slide in crude oil prices takes a barrel in London down to little more than \$40, as traders realise profits after the recent surge.",0
0,"State of Emergency Declared in Iraq The Iraqi government declared a 60-day state of emergency Sunday in response to the escalation of violence by militants. The emergency declaration covers the entire nation, with the exception of Kurdish-run areas in the northern part of Iraq.",0
0,"Rwanda issues genocide warning Rwanda warns it will intervene to prevent genocide, as more than 150 Tutsi  refugees are buried in Burundi.",0
0,"Pinochet indicted, arrested for murder, kidnapping SANTIAGO (AFP) - Former Chilean dictator Augusto Pinochet, 89, was indicted and placed under house arrest and may, for the first time, face trial for murders and kidnappings of opponents to his 17-year rule.",0
0,"Chaos Reigns in Ukraine Presidential Race (AP) AP - The apparent front-runner was out of action for weeks with a mysterious illness. His close rival was hospitalized after an attack and was then warned he could be assassinated. With Ukraine's presidential election three weeks away, democracy seems to have gone badly awry as chaos and suspicion overshadow campaign issues in this strategically important country that sways between the West and Russia.",0
0,"Afghanistan says hopes rise for release of UN workers Get INQ7 breaking news on your Smart mobile phone in the Philippines. Send INQ7 BREAKING to 386. KABUL, Afghanistan -- Afghanistan #39;s government said Tuesday that progress had been made towards freeing three ",0
0,"Nepali villagers flee after Maoist threat KATHMANDU: Thousands of villagers have fled districts in Nepal #39;s remote eastern region following threats by Maoist rebels to attack the area and set up a  quot;people #39;s government, quot; human rights and local officials said yesterday.",0
2,"Middle East Approaches That Won #39;t Work Brent Scowcroft #39;s Nov. 12 op-ed column,  quot;A Middle East Opening, quot; was a reminder of the Middle East policy that failed the first George Bush and his successor, Bill Clinton.",2
0,"Suicide Bombs Kill 5 in Baghdad #39;s Green Zone Two suicide bombers killed five people, including three US nationals, on Thursday in one of the bloodiest attacks inside Baghdad #39;s fortified Green Zone, and America #39;s top enemy in Iraq claimed responsibility.",0
2,"Suspected mercenaries may spill beans on Mann And according to their lawyer, Alwyn Griebenow, they might spill the beans on their British recruiter, who allegedly plotted a coup in Equatorial Guinea.",2
2,"Musharraf formula is casual: Union Home Minister Octroi Post Near The International Border, Nov 7 (UNI) Union Home Minister Shivraj Patil today said the graph of infiltration had come down in Jammu and Kashmir this year due to fencing of borders neighbouring Pakistan.",2
0,"World's biggest book fair rolls out red carpet for Arab authors (AFP) AFP - The Frankfurt Book Fair, the world's biggest publishing event, prepared to welcome more than 200 Arab authors as guests of honor on the eve of the 56th annual event.",0
0,"89 dead in twin Russian plane crashes, terror probed (AFP) AFP - Russia observed a day of mourning for the 89 people killed when two Russian passenger jets crashed almost simultaneously hundreds of miles apart after taking off from the same Moscow airport, raising new fears of terrorist attacks.",0
0,"For Now, Merchants Cast Lot With a New Iraq The transition has been hazardous for poor Iraqis, but members of Iraq's merchant class face risks of their own.",0
0,"United Argues It May Terminate Pensions CHICAGO - United Airlines would be within its rights to terminate its employee pension plans but hasn't yet decided to do so, an attorney for the carrier said Friday, as two unions urged a judge to block a financing plan they say is predicated on the airline halting fund contributions.    The hearing came a day after the release of court papers in which United warned it ""likely"" will have to end those pension funds in order to secure the loans it needs to get out of bankruptcy...",0
0,No decision taken by Musharraf on army chief post: Pakistani &lt;b&gt;...&lt;/b&gt; ISLAMABAD: Pakistan #39;s information minister retracted his statement that President Pervez Musharraf would retain his position as head of the powerful army.,0
0,"Rebel landmine kills 11 in Indian Kashmir Separatist militants have detonated a powerful landmine in Indian Kashmir killing eleven people, including nine soldiers in one of the biggest attacks in recent weeks, police say.",0
0,"Federer Beats Hewitt Easily to Win Open NEW YORK - Roger Federer is at his best against the best, when it counts the most, and he was pretty much perfect in the U.S. Open final...",0
1,"Site: Zarqawi Group Beheads Two Iraqi Soldiers  DUBAI (Reuters) - The group led by al Qaeda ally Abu Musab  al-Zarqawi said it beheaded two Iraqi soldiers in broad  daylight in Mosul, a statement found on an Islamist Web site on  Friday said.",1
0,"Iraqis Consider Extending Election Amid Violence (Reuters) Reuters - Iraq may modify plans for its first\free election to give people more time to vote next month,\officials said Wednesday as suicide bombers and gunmen again\struck Sunni Muslim towns north and west of the capital.",0
0,Serbian Assassination Suspect in Court (AP) AP - The chief suspect in the slaying of Serbia's first democratic prime minister since World War II returned to court Monday for a trial that has been marred by delays and bureaucratic tie-ups.,0
0,Tsunami survivor rescued at sea An Indonesian woman swept to sea by the tsunami is rescued by a passing ship after five days adrift.,0
2,"Rising Death Toll Prompts Haiti Protests (AP) AP - Hungry, thirsty and increasingly desperate residents burned tires in protest and attacked each other in a panic to get scarce food and water Thursday as workers struggled to bury hundreds of victims of Tropical Storm Jeanne.",2
0,"Daschle Ponders Past, Focusing on Future (AP) AP - Tom Daschle says he might consider writing, lecturing or teaching now that his Nov. 2 election loss has cost him his Senate seat and the job of Senate minority leader.",0
0,"Manny #39;s chance at life with two dads CAUGHT at the centre of a tug-of-love, Manny Musu could have a future with two dads, her Australian father said yesterday. Sydney policeman Dave Norman has been trying ",0
0,"U.N. Troops Fight Way Into Gang-Held Haitian Slum  PORT-AU-PRINCE, Haiti (Reuters) - U.N. troops, backed by  armored vehicles and helicopters, fought their way into a  lawless slum in the Haitian capital on Tuesday in their first  attempt to end a killing spree by warring street gangs.",0
0,"The Governator Marks a Year in Office It #39;s been a year since Arnold Schwarzenegger became California #39;s 38th governor, and the Hollywood actor-turned politician remains a phenomenon -- theatrical, unbridled and radiating raw confidence.",0
0,"UN Special Rapporteur on violence against women visits Sudan The United Nations Special Rapporteur on violence against women, Yakin Erturk, is visiting Sudan to examine the situation of women in the conflict-ridden African country.",0
2,"1,000 dead as troops take Fallujah The massive military operation to retake Fallujah has been  quot;accomplished quot;, a senior Iraqi official said. Fierce fighting continued in the war-torn city where pockets of resistance were still holding out against US forces.",2
2,Tensions erupt in Haitian capital Shots are fired at a protest in Haiti's capital Port-au-Prince as looting impedes the relief effort flood hit Gonaives.,2
0,New claim on location of Atlantis US researchers claim to have found evidence locating the lost kingdom of Atlantis off the coast of Cyprus.,0
2,"Jailed militant to seek office Firebrand uprising leader Marwan Barghouthi has decided to run for Palestinian President from his Israeli jail cell, says an official of his Fatah faction.",2
0,"Rebel Attacks Kill 18 Iraqis; G.I.'s Injured Insurgents launched several strikes on Saturday, with the deadliest attack occurring outside a Marine base in western Iraq.",0
0,Renewal of Peace Process Discussed a Month After Arafat Death The death of Palestinian leader Yasser Arafat a month ago appears to have created a new atmosphere for possible renewal of peace efforts in the Middle East.,0
1,Waistline linked to health risks Scientists believe measuring your waist could be a better indicator of future health than weighing yourself.,1
0,Powell hails peace opportunity ahead of Palestinian vote JERUSALEM : US Secretary of State Colin Powell hailed a  quot;moment of opportunity quot; for Middle East peace as Israel and the United States pledged to back next year #39;s Palestinian election to the hilt.,0
1,"Blasts Hit Egyptian Resorts, 23 Feared Dead  JERUSALEM (Reuters) - Suspected bomb blasts hit three  Egyptian Red Sea resorts used by vacationing Israelis on  Thursday and at least 23 people were feared dead from the  biggest explosion, Israeli media said.",1
0,EU nominee in single mothers row The Italian minister nominated as EU justice and home affairs commissioner has denied criticising single mothers. Rocco Buttiglione is already at the centre of a row after being rejected by the European Parliament ,0
2,"Polls show Bush slighly ahead of Kerry (AFP) AFP - Three US opinion surveys show President George W. Bush pulling slightly ahead of John Kerry, his Democratic contender in the November 2 election, but by a small enough margin that both men are still locked in a statistical dead heat.",2
2,"Bush Tries to Help U.S. Firms Invest in Libya  WASHINGTON (Reuters) - The Bush administration has asked  Congress to quickly lift a ban on U.S. Export-Import Bank loans  in Libya and said ""timing is critical"" to help American  companies invest in the oil-rich country, according to a letter  released on Tuesday.",2
2,IAEA ignored Greenpeace warnings on Iraq Mohamed ElBaradei warned the world today that nuclear assets in Iraq have been looted and nuclear materials have disappeared. Greenpeace made that warning more than a year ago when we located radioactive materials ,2
0,Video Shows G.I.'s at Weapon Cache A videotape shows a huge supply of explosives still at Al Qaqaa munitions complex nine days after the fall of Baghdad.,0
2,"20 Killed in India Train Collision (AP) AP - Two passenger trains collided head-on on a stretch of rural track in northern India on Tuesday, killing at least 20 people and injuring dozens of others, officials said.",2
2,Britons die in Jordan bus crash At least six Britons are believed to have died in a crash in Jordan near the ancient city of Petra.,2
0,"US general warns over Iraq poll Violence in Mosul is damaging efforts to hold elections in the city, the US commander in north Iraq tells the BBC.",0
1,Stocks May Open Lower on Jobs Report NEW YORK - U.S. stocks are seen flat to slightly lower at the open Monday as investors grapple with Friday's disappointing jobs report...,1
2,"China's communist elite to mull ""party building"" at plenary session (AFP) AFP - China's ruling party opens its annual plenary session Thursday, with the communist elite battling to bolster its waning image amid an apparent power struggle between President Hu Jintao and military leader Jiang Zemin.",2
2,"Court Overturns Nigerian Woman's Stoning Sentence  NINGI, Nigeria (Reuters) - A young Nigerian mother  sentenced to death by stoning for having sex outside marriage  was acquitted and discharged by an Islamic appeals court on  Thursday.",2
2,"Study finds Korean students best at solving problems Korean students topped a problem-solving literacy among 40 countries, breaking a traditional image that they focus on memorizing and lack reasoning capabilities, a major international survey released yesterday showed.",2
2,Sharon Optimistic About Peace Prospects While Violence Continues &lt;b&gt;...&lt;/b&gt; Israeli Prime Minister Ariel Sharon has sounded a note of optimism about peace prospects in the coming year provided Palestinians stop violence against Israel.,2
2,"Business 'booms' for rural crafts Craftspeople could soon overtake farmers as the biggest contributors to the rural economy, a report says.",2
2,"Israel Charges Iran Replaces Saddam as Terror Exporter  UNITED NATIONS (Reuters) - Israel charged on Thursday that  Iran had replaced Saddam Hussein as the world's primary  exporter of ""terror, hate and instability.""",2
2,"Haiti ex-rebel head cleared of murder PORT-AU-PRINCE, Haiti -- A jury yesterday acquitted a leader of a paramilitary group accused of killing thousands, after a 14-hour murder trial that angered human rights groups and provoked criticism of the new US-backed government.",2
2,Jordan #39;s king strips half brother #39;s title King Abdullah II stripped his half brother and heir apparent of his title as crown prince in an abrupt shake-up Sunday aimed at redeeming the full power the king inherited from his late father.,2
2,"Floods Kill at Least 241 in Haiti GONAIVES, Haiti - Rescuers pulled bodies from floodwaters that raged through parts of Haiti's third-largest city, sweeping people from their homes and forcing survivors to spend the night in trees, atop cars and on rooftops following Tropical Storm Jeanne. The death toll nearly doubled to 241 Monday evening after dozens more bodies were recovered...",2
2,"Concert bomb blast injures 14 people A bomb exploded under a police car at a pop concert Sunday in southern Turkey, injuring at least 14 people, the prime minister #39;s office said.",2
2,"Prosecutors Set to Wrap Up Peterson Case REDWOOD CITY, Calif. - As they prepare to wrap up their murder case against Scott Peterson in the death of his pregnant wife Laci, even prosecutors have acknowledged their case has at times left jurors scratching their heads...",2
2,"Around the world The death toll from floods unleashed by Tropical Storm Jeanne rose sharply Sunday to nearly 2,000 people, with many still missing, as officials said they found hundreds more bodies in Haiti #39;s devastated northwestern region.",2
2,"Politics: Oil, Arms Stymie Un Efforts On Sudan A volatile mixture of oil and weapons is preventing the United Nations from taking punitive action against Sudan for continued atrocities in the province of Darfur, according to human rights activists and African experts.",2
2,New quake hits Japan A powerful earthquake in Japan has struck the exact same region where at least 31 people were killed and more than 3400 injured five days ago.,2
2,"Violence returns to Afghanistan Six people, including three children and two US soldiers, have been reported killed in Afghanistan, a week after millions voted in a landmark election meant to help bring peace back to their war-ravaged nation.",2
2,"Kenyan Environmentalist Wins Peace Prize IHURURU, Kenya Oct. 8, 2004 - When Wangari Maathai got word she had won the 2004 Nobel Peace Prize on Friday, she was campaigning to protect Kenya #39;s forests and distributing food to villagers suffering from ",2
2,BA staff call off holiday strikes A planned strike by British Airways staff that threatened to disrupt the travel plans of half a million people was halted yesterday after management and workers reached an agreement.,2
2,"Global box office rise forecast Global cinema takings will rise steadily to \$22.8bn (12.6bn) by the end of 2004, a research body predicts.",2
0,"Nationalists Strong in Bosnia Poll Count Bosnia #39;s main Muslim, Serb and Croat nationalist parties were ahead in local polls, partial results showed on Sunday, but voter turnout fell below 50 percent for the first time.",0
2,Los Alamos Scientist Says He Was One Fired (AP) AP - A senior scientist at Los Alamos National Laboratory says he is one of two employees being fired over an accident this summer in which an intern was injured by a laser.,2
2,"Depp denies calling US war 'dumb' Hollywood actor Johnny Depp insists that he never called America ""dumb"" for going to war with Iraq.",2
2,"Zimbabwe Opposition to Boycott Elections (AP) AP - Zimbabwe's main opposition Movement for Democratic Change said Wednesday that it would boycott future elections until the government reforms election laws, ends what the movement calls state-sponsored political violence and repeals what it terms repressive media and security laws.",2
2,Russian chamber approves street beer drinking ban Russia #39;s upper house of parliament on Wednesday passed a tougher version of a bill controlling public beer sales and consumption after rejecting the original last month.,2
0,Reporter in palace breach An investigation was launched yesterday after a journalist posing as a surveyor sparked a security scare at the Queen #39;s official residence in Scotland.,0
2,"N Korea stalls nuclear talks North Korea rules out further nuclear talks unless South Korea's own nuclear tests are ""fully probed"".",2
0,"'Name vCJD-risk countries' call Five countries which received vCJD-risk blood plasma products should be named to stop the disease spreading, campaigners say.",0
2,N Korea says explosion was controlled demolition North Korea says last week #39;s massive explosion in a remote area of the country #39;s north was the result of deliberate demolition work.,2
0,Anti-Bush activists on the march Opponents of President Bush take to the streets of New York for a protest march ahead of the Republican convention.,0
2,"Rumsfeld, Panamanian President Meet (AP) AP - U.S. Defense Secretary Donald Rumsfeld met Saturday with Panamanian President Martin Torrijos and expressed support for regional security agreements aimed at reducing drug trafficking, terrorism and other threats in Latin America and the Caribbean.",2
0,"Israel, the US and the Age of Terror THROUGHOUT its first term, the Bush administration held that the road to Jerusalem passed through Baghdad. Even before the 9/11 attacks, but especially after them, it shunned the very term  quot;peace ",0
0,"UN: Sudan has failed to rein in Janjaweed New York - Sudan #39;s government has not stopped attacks on  quot;terrorised and traumatised quot; civilians in the Darfur region, United Nations secretary-general Kofi Annan has said.",0
2,"Haiti rescuers face tough time RELIEF workers faced washed-out roads and rising crime as they delivered emergency aid in Haiti, where more than 700 people died in weekend landslides and floods triggered by Tropical Storm Jeanne.",2
0,"Nine people dead in suspected suicide pact Nine people were found dead in two rented cars yesterday, with the windows sealed from the inside and charcoal burners at their feet, in what Japanese police are calling modern Japan #39;s largest suicide pact.",0
0,PORTRAIT OF FALLUJAH: Place of piety was Saddam stronghold Fallujah calls itself the  quot;City of Mosques quot; for its many Muslim houses of worship. The city 40 miles west of Baghdad is also the center of the fiercest resistance to the US presence in Iraq.,0
2,"Traumatised tsunami survivors to take years to heal (Reuters) Reuters - Millions of people may have survived the deadliest tsunami in living memory, but many are so deeply traumatised it will take years for them to heal, if ever, medical experts said on Monday.",2
0,"Iraqi President Backs Jan. 30 Elections Iraq #39;s president, an influential Sunni Muslim, threw his support Wednesday behind holding the Jan. 30 election on time despite insurgent threats he said have paralyzed voter ",0
1,"Two Allawi relatives released by kidnappers in Iraq CAIRO - Two female relatives of Iraqs interim Prime Minister Iyad Allawi have been released by their kidnappers after being held hostage for just under a week, Arabic news channels reported late on Sunday.",1
2,"Edwards Promises to Spread U.S. Wealth (AP) AP - Democratic vice presidential candidate John Edwards on Wednesday accused the Bush administration of leading the nation from ""the edge of greatness to the edge of the cliff.""",2
2,"Darfur Peace Talks Collapse Peace talks between the Sudanese government and rebels from the troubled Darfur region have collapsed after three weeks, one of the two main rebel factions said today.",2
2,Congress Approves Lewis and Clark Park (AP) AP - Congress has passed and sent to the president a bill that would establish the Lewis and Clark National Historical Park in Oregon and Washington state.,2
2,"Bomb in Tel Aviv Market Kills 3, Wounds 32 Police and rescue workers said the blast tore through the open-air Carmel market in Tel Aviv. Witnesses described a chaotic scene with the bodies of the dead and wounded shoppers scattered among the debris of wrecked market stalls.",2
2,"Soldier guilty of murdering Iraqi A US soldier is expected to be sentenced today after being found guilty of murder for shooting a severely wounded Iraqi civilian, while the US army pressed its sole supplier of armoured Humvees to increase production amid a growing domestic controversy ",2
2,Iran rejects order by UN energy agency to halt nuclear program TEHRAN Iran on Sunday rejected an order by the International Atomic Energy Agency to freeze its nuclear enrichment programs and warned that it would drop out of the Nuclear Nonproliferation Treaty if its case was sent to the United Nations Security Council ,2
2,"Militant won #39;t run for leader from jail THE jailed firebrand Palestinian leader Marwan Barghouti has decided not to run for the presidency of the Palestinian Authority, lifting the threat of a divided vote in his Fatah faction.",2
0,"Supreme Court Won't Put Nader on Ohio Ballot (Reuters) Reuters - The U.S. Supreme Court refused on\Tuesday to put independent presidential candidate Ralph Nader\on the ballot in the key battleground state of Ohio, handing\him his third setback in the past month.",0
0,"EU to finance over half of African mission in Darfur The European Union will finance over half of the cost of the African Union #39;s (AU) cease fire monitoring and civilian protection force in Sudan #39;s troubled region of Darfur, EU foreign affairs chief Javier Solana said on today.",0
0,Police get cleric quiz extension Police have been granted more time to question radical cleric Abu Hamza al-Masri under the Terrorism Act.,0
1,David celebrates 500th birthday \The 500th aniversary of the unveiling of Michelangelo's David is celebrated in Florence.,1
1,"Kadyrov absolutely rejected extreme forms of Wahhabism  Putin MOSCOW, August 22 (Itar-Tass) --Akhmad Kadyrov was absolutely against the extreme forms of Wahhabism, which some forces are still trying to plant on our land, President Vladimir Putin said in the RTR documentary, Akhmad Kadyrov.",1
1,"Darfur: 300,000 displaced persons cut off from all aid following &lt;b&gt;...&lt;/b&gt; 26 November 2004 - The United Nations emergency feeding agency said today that the security situation in western Sudans Darfur region was deteriorating rapidly with 300,000 displaced people cut off from all aid following a rebel attack earlier this ",1
1,"Drunken British soldier leaves party in suicide bomber costume; prompts alert (Canadian Press) Canadian Press - LONDON (AP) - A drunken soldier sparked a security alert when he left a costume party dressed as a suicide bomber, wearing a turban, false beard and a combat jacket stuffed with pretend explosives, British police said Friday.",1
1,"Karzai Cancels Pakistan Speech, But Risk Fears Denied Afghan President Hamid Karzai abruptly canceled a speech to a state-run think tank in Pakistan on Tuesday, but officials denied security was a reason.",1
1,NATO to begin training Iraq army NATO allies agreed to expand the alliance #39;s training mission for Iraq #39;s armed forces after allaying French concerns that had delayed the plan for a week.,1
1,"Afghan suicide blast toll rises told reporters on Sunday, though some officials said the last vote could be counted on Monday. waist, according to Lieutenant-Colonel Patrick Poulain, spokesman for the NATO-led peacekeeping mission.",1
1,"Nigerian Strike to Continue But Oil Exports Flow  LAGOS (Reuters) - Unions vowed to extend a general strike  over fuel prices in Nigeria to a second day on Tuesday, helping  drive world oil prices to record highs even though shipments  from Africa's top producer were unaffected.",1
1,"Iraq elections to go ahead on schedule, says interim premier PARIS : Iraq #39;s elections will go ahead as scheduled in January even if some Iraqis are unable to vote due to the security situation in the country, interim Prime Minister Iyad Allawi said in an interview published in the several western daily newspapers.",1
1,"Turkish FM Says Turkey Has Met EU Political Criteria ANKARA - Turkey had met political criteria required for European Union (EU) full membership, Turkish Foreign Minister Abdullah Gul said on Tuesday.",1
1,"Car Bombs Kill 34 Children in Baghdad  BAGHDAD (Reuters) - Insurgents detonated three car bombs  near a U.S. military convoy in Baghdad Thursday, killing 41  people, 34 of them children, and wounding scores.",1
1,"Typhoon Chaba nears Japan TYPHOON Chaba is expected to bring heavy rain and high winds to large areas in south-western Japan over the weekend. At noon (1pm AEST), the typhoon was located at 290km west of Minami-Daitojima island, with ",1
1,"Violence in Afghanistan claims seven lives In Afghanistan, seven people including two US soldiers died in explosions as early results from historic elections gave President Hamid Karzai a strong lead over his rivals.",1
1,"Melting Icy Egypt-Israel Relations Through a Trade Pact When Egypt, Israel and the United States signed a trade agreement this week, it represented the most tangible step in a monthlong thaw in chilly relations between the Egyptians and Israelis.",1
1,"Palestinians Urge US to Keep Deadline The Palestinian prime minister urged the United States on Friday to stick to its original 2005 deadline for Palestinian statehood, arguing that President Bush #39;s recent proposal ",1
1,"Rwanda to delay deploying extra troops to Darfur by one week &lt;b&gt;...&lt;/b&gt; Rwanda will delay sending troops to Sudan #39;s troubled Darfur region by about a week because preparations have not been made to quarter the soldiers, an official said Saturday.",1
1,"Maoist Rebels Block Land Routes to Nepali Capital  KATHMANDU (Reuters) - Maoist rebels, fighting to topple  Nepal's constitutional monarchy, cut off all land routes to the  Himalayan kingdom's capital on Wednesday, disrupting food and  supplies to the city of 1.5 million people.",1
1,"Pakistan and China oppose resolution on Sudan UNITED NATIONS, Sept 10: Pakistan and China on Thursday expressed strong opposition to a US-sponsored resolution on Sudan which demands sanctions and a UN inquiry whether a genocide was taking place in the country.",1
1,"Unseated Afghan governor looks to future HERAT, Afghanistan -- All evening, crowds of followers came and went through the vast, manicured gardens of ''emir sahib, quot; Ismail Khan. The women sat in a circle, weeping and waiting for their snowy-bearded leader to emerge. The men sat in long, quiet rows under a huge arbor of grapevines.",1
1,Frist Urges Democrats to Stop Filibusters (AP) AP - Senate Majority Leader Bill Frist on Thursday urged Democrats to stop blocking President Bush's federal court nominees and hinted that he may try to change Senate rules to thwart their delaying tactics.,1
1,Bush tells UN  #39;all must fight the murderers #39; President Bush stressed the importance of spreading freedom in the world and defended his decision to invade Iraq in a speech Tuesday to the UN General Assembly.,1
1,"Europe and US Agree to Curb Iran #39;s Nuclear Ambitions Europe and the US agreed to moves to curb Irans nuclear ambitions tonight, but divisions emerged with so-called non-aligned nations objecting to parts of the text.",1
1,"Iran's Uranium Enrichment Halt to Be Temporary (Reuters) Reuters - Iran's suspension of uranium enrichment,\promised to European Union states last year, will be ""short and\temporary,"" an Iranian official said Monday.",1
1,"No pressure from Pak, say Kashmiri separatists New Delhi: Kashmiri separatist leaders have said that they are not under any pressure from Pakistan to be included as a third party in talks with the Centre.",1
1,"Australia says claim troops in covert actions in Iraq ""incorrect"" (AFP) AFP - A report claiming that specially trained Australian soldiers are taking part in US-led covert jobs in Iraq, including kidnapping, was ""factually incorrect and misleading,"" the government said.",1
1,Olympics: Gold Medal for Athens' Security-With-A-Smile  ATHENS (Reuters) - They worried about security for seven  years and it turned out to be the least of their problems.,1
1,"UN Agency Warns of Africa Locust Crisis ROME Sept. 17, 2004 - Swarms of desert locusts are moving across northwest Africa, threatening to devastate crops in an increasing number of countries, UN officials warned Friday.",1
1,EU-Russia set for strained talks Russian President Vladimir Putin is to attend an EU summit despite diplomatic sniping over the  Ukraine crisis.,1
1,Anderlecht's Baseggio scores with burst ball (Reuters) Reuters - The ball burst on impact when midfielder Walter Baseggio scored Anderlecht's equaliser in their 2-1 home win\over La Louviere in the Belgian first division.,1
1,"Commercial Demand, Europe Drive PC Sales (AP) AP - Worldwide shipments of personal computers grew nearly 12 percent in the third quarter, driven by strong European sales and rising commercial demand, according to IDC, a research company that tracks shipments.",1
1,"Row erupts as Cuba refuses entry to Spanish, Dutch lawmakers MADRID : A political row erupted after Spain and the Netherlands vehemently protested Cuba #39;s refusal to grant entry to three parliamentary deputies who had arrived in Havana to meet Cuban dissidents.",1
1,"Kerry Targets Bush Economic Policy as 'Fiscal Mess' (Reuters) Reuters - Sen. John Kerry said on Wednesday the\United States needs to make the ""right choices"" on the economy,\and faulted President Bush for blaming others and offering\excuses for the White House's own failed economic policies.",1
1,"US frowns on reported European nuclear offer to Iran (AFP) AFP - The United States said it would be  quot;concerned quot; by Iran's acquisition of any new nuclear technology, signaling opposition to a reported European offer to give Tehran a light-water reactor it proves it is not secretly developing atomic weapons.",1
1,"Date set for Australian election Australia will hold a general election on Oct 9 with John Howard, the prime minister, seeking an unprecedented fourth term in office.",1
1,"US Recognises Macedonia State, Greece Protests The president of the Former Yugoslav Republic of Macedonia (FYROM) has announced that the US recognised his country simply as  quot;Macedonia quot; with the approval of US Secretary of State Colin Powell.",1
1,"PM unveils gift of peace, a knot in the wrapping Prime Minister Manmohan Singh waves as Minister Ghulam Nabi Azad claps during a public rally in Srinagar on Wednesday. Reuters. SRINAGAR: Less than a week after announcing a troop cut, the biggest confidence ",1
1,"US Arms-Grade Plutonium Starts Road Journey Across France A consignment of US weapons-grade plutonium began a north-south road journey across France to be turned into fuel to make electricity by Areva SA, the world #39;s biggest maker of nuclear reactors, Greenpeace France said.",1
1,Football: Chelsea stay top John Terry's brace helps Chelsea move five points clear at the top of the table.,1
1,FRENCH HOSTAGES TALKS French Prime Minister Jean-Pierre Raffarin has cancelled a trip to the south of France to hold an urgent meeting with three top ministers on the fate of two French journalists kidnapped in Iraq.,1
1,"British  quot;Batman quot; on the Buckingham Palace walls On Tuesday three police officers were seen standing at the spot where a ladder was used for Mr Hatch #39;s ascent. His fellow campaigner Mr Pyke, who dressed as Batman #39;s sidekick Robin, was stopped by armed police at the scene.",1
1,"Outspoken British envoy may lose job for denouncing Uzbek torture (AFP) AFP - The British ambassador to Uzbekistan, Craig Murray, could be facing the sack for his outspoken criticism of the regime in Tashkent which he accuses of widespread torture of opponents, a British newspaper said.",1
1,"Paper: Expletive Hidden in Campaign E-Mail (AP) AP - A fund-raising e-mail from a Democratic congressional candidate contained a hidden expletive directed at his opponent, a newspaper reported Saturday.",1
1,"Democrats in N.Y. Showcase Swing Voters (AP) AP - Delores Ramirez was a supporter of President Bush in 2000, but on this muggy Sunday afternoon the retired Virginia businesswoman was standing on the steps of New York's City Hall with dozens of supporters of Democrat John Kerry who just finished a weeklong tour of five states.",1
1,"Ancient Language Clings to Life at Tip of Britain (Reuters) Reuters - Lisa Simpson,\the spiky-haired U.S. cartoon character, may just be the spark\that revives an ancient language and fuels a tiny political\movement at the tip of Britain's southwest coast.",1
1,"India lauds Arafat's lifetime devotion to Palestinian cause (AFP) AFP - President A.P.J. Abdul Kalam led India's condolences on the death of Yasser Arafat, praising the Palestinian leader's lifetime devotion to his people.",1
1,"Nigerian Unions Launch Strike But Oil Exports Flow Unions began a four-day strike against rising fuel prices in Nigeria on Monday, helping drive world oil prices to record highs even though shipments from Africa #39;s top producer were unaffected.",1
1,"Sudan Government #39;s Attacks Stoke Rebels #39; Fury Three skinny urchins, covered in sand from head to toe, arrived here at a base camp of the rebel Sudan Liberation Army the other day.",1
1,"Hurricane buffets eastern Caribbean isles PORT OF SPAIN, Trinidad -- Hurricane Ivan tore down trees, blew off roofs, knocked out power, and forced hundreds of people to evacuate coastal areas as it pounded the tiny islands of the southeastern Caribbean yesterday.",1
1,"US warplanes strike Falluja: Report FALLUJAH, Iraq (AP)  US forces launched two airstrikes today on the troubled Iraqi city of Falluja, hospital officials and witnesses said. ",1
1,"First Lady to Hail Bush on His Leadership (AP) AP - Republican National Convention co-stars Laura Bush and Arnold Schwarzenegger commended President Bush to the country Tuesday for four more years in office, praising him for unflinching leadership in a time of national testing. ""I am so proud of the way George has led our country with strength and conviction"" in the war on terror, the first lady planned to say.",1
1,"Australian Terrorist Suspect Hicks Faces US Military Tribunal David Hicks, an Australian charged with training with al-Qaeda, becomes one of the first Guantanamo Bay detainees to face a US military tribunal when he appears before a panel tomorrow, his military lawyer said.",1
1,Myanmar junta putting Aung San Suu Kyi #39;s health at risk: Oppn Myanmar #39;s Opposition National League for Democracy (NLD) party accused the military regime of endangering party leader Aung San Suu Kyi #39;s life by restricting her access to a doctor and non-junta security.,1
1,"Oil Losses Ease on Iraq Pipeline Attack US crude climbed 40 cents to \$43.50 a barrel, around \$6 below a record peak struck last Friday at \$49.40. London #39;s Brent crude gained 42 cents to \$40.",1
1,Situation in Darfur region still troublesome: UN official A senior United Nations official said here Monday that the situation in the western Sudanese regionof Darfur is still troublesome.,1
1,"Diplomats: Europeans, U.S. Closer to Iran Nuke Deal  VIENNA (Reuters) - U.S. and European negotiators moved  closer to a deal on a resolution on Iran's nuclear program that  could trigger a November showdown, Western diplomats close to  the talks said Wednesday.",1
1,"BAGHDAD #39;S US ZONE ROCKED BY MORTARS September 12, 2004 -- BAGHDAD - Strong explosions shook central Baghdad late last night and fighting erupted on a major street in the heart of the city near the US-guarded Green Zone.",1
1,Court to sentence  #39;mercenaries #39; A court in Zimbabwe is expected to pass sentence on some 70 alleged mercenaries accused of plotting a coup in the West African state of Equatorial Guinea.,1
1,Listening device found in UN #39;s Geneva offices GENEVA The United Nations said Friday that workmen had uncovered a sophisticated listening device at its headquarters in Geneva but could not say who planted it or why.,1
1,"Ballots Pour Into Afghan Counting Centers KABUL, Afghanistan - Ballot boxes poured into counting centers Monday for a tally of the troubled presidential election in Afghanistan amid signs an opposition boycott was wavering after at least two candidates agreed to accept the ruling of an independent panel's inquiry.    Election organizers hope their decision, announced late Sunday, to establish a panel of about three foreign election experts to investigate the balloting will end the boycott, which many fear could seriously undermine the winner's ability to rule this war-ravaged nation...",1
1,"US airline starts Vietnam flights The US resumes commercial flights to Vietnam, 30 years after the last flight at the end of the war.",1
1,"Musharraf for identifying regions, demilitarization before &lt;b&gt;...&lt;/b&gt; RAWALPINDI : President General Pervez Musharraf has called for identifying the regions, demilitarize them and change their status before a possible resolution of Kashmir issue.",1
1,"Norway's Shipowners plans to expand lockout, government orders talks (Canadian Press) Canadian Press - STAVANGER, Norway (AP) - The Norwegian Shipowners Association threatened on Monday to lock out more oil and gas rig workers, a move analysts said could result in a near shutdown of the third-largest petroleum exporter's production and drive world oil prices even higher.",1
1,"SCOTS IN THE FIRING LINE: PIN-UP AND A AT  #39;EM BOYS THE brave lads of the Black Watch yesterday began their treacherous journey north through Iraq. Scores of troops left their temporary home in Basra - one of Saddam Hussein #39;s old palaces, now ",1
1,"Schroeder  quot;adopts Russian girl quot; BERLIN (Reuters) - German Chancellor Gerhard Schroeder and his wife, Doris, have adopted a 3-year-old Russian girl, German newspapers have reported. ",1
1,"Egypt frees four Muslim Brothers, extends custody of 52 (AFP) AFP - Egyptian state security prosecutors released four members of the banned but normally tolerated Muslim Brotherhood and extended the custody of 52 others, legal sources said.",1
1,"BP, BHP Evacuate Workers From Trinidad Rigs as Ivan Approaches BP Plc, Europe #39;s largest oil company, said it evacuated 500 non-essential workers from offshore rigs near Trinidad and Tobago as Hurricane Ivan approached the Caribbean country.",1
1,"Hussein's Trial Not Likely to Begin This Year The trials of former president Saddam Hussein and his top lieutenants likely will not begin this year, a U.S. official said Friday, contradicting a recent pronouncement from Iraq's interim prime minister that it could commence as soon as next month.",1
1,"In Ethnic Tinderbox, Fear of Revenge for School Killings Ethnic Ingush in Kartsa, Russia, wait in fear for possible reprisals after the mass killings in Beslan.",1
1,"Haiti Moves on Pro-Aristide Militants Haitian police and UN troops moved into a slum that has become a flashpoint for unrest, using bulldozers to remove a barricade of torched cars that had blocked traffic in the capital.",1
1,"Karzai Clinches Afghan Poll Win, Rival Concedes  KABUL (Reuters) - President Hamid Karzai clinched victory  in Afghanistan's historic presidential poll as his main rival  conceded defeat even before election workers began counting the  final votes on Monday.",1
1,"Top Hamas Militant Killed in Israeli Missile Strike  GAZA (Reuters) - A senior leader of Hamas's military wing  was killed in an Israeli missile strike on his car in the Gaza  Strip, Palestinian witnesses said.",1
1,"Colombia Sentences Irishmen for Rebel Aid A Colombian court has sentenced three IRA-linked men to up to 17 1/2 years in prison for training leftist rebels in terrorist tactics in a guerrilla stronghold in southern Colombia, according to court documents released Thursday.",1
1,UN #39;s Kofi Annan Under Fire for Oil-for-Food Scandal Description: A US senator is calling for the resignation of UN Secretary-General Kofi Annan. Annan is being accused of fraud and lack of oversight in the Iraq oil-for-food program.,1
1,"UN Puts Zarqawi Network in Iraq on Its Terror List  UNITED NATIONS (Reuters) - A U.N. panel has put on its  sanctions list networks said to be controlled by Jordanian Abu  Musab al-Zarqawi after they claimed responsibility for  bombings, kidnappings and beheadings in Iraq.",1
1,"Palestinians vote for reforms; fear Arafat inaction Palestinian legislators voted yesterday to back an anti-corruption reform package, but feared nothing would come of it as President Yasser Arafat was withholding his stamp of approval.",1
1,"Shots at demo heighten Haiti tensions PORT-AU-PRINCE, Oct 15 (AFP) - Haitis strife-torn capital came to a standstill on Friday in a protest after two weeks of deepening violence that have left about 30 people dead.",1
1,"Arabs tell Israel  #39;stop incursion into Gaza #39; Arab nations demanded in a draft UN Security Council resolution yesterday that Israel immediately halt its incursion into the northern Gaza Strip, where fighting has left at least 65 Palestinians dead.",1
1,"Spilled Oil, Gas Ignite in Iraq #39;s South Rumaila Field Oil and gas spilled during recent sabotage attacks on Iraq #39;s southern oil pipelines ignited Sunday and firefighters battled to douse the flames.",1
1,"Israelis accuse Egyptian officials of being slow to take action EILAT (Israel) - Thousands of frightened Israeli tourists rushed back home yesterday, streaming into Eilat just across the border, after the deadly hotel bombing in Taba, Egypt.",1
1,"Nations Lobby to Expand Security Council (AP) AP - Brazil's president called Tuesday for a U.N. Security Council that reflects ""today's reality,"" ahead of a meeting with Japan, India and Germany to press for permanent seats on the powerful body.",1
1,"The Economist favours Kerry in US presidential vote (AFP) AFP - The Economist, the weekly bible of the world's top movers and shakers, said it is throwing its support behind Democratic challenger John Kerry in the upcoming US presidential election.",1
1,Europe Urged to Help NATO More in Iraq  BRUSSELS (Reuters) - The United States said it expected  European countries to come up with offers of help in Iraq and  Afghanistan at a NATO meeting on Thursday to discuss the  alliance's role in the insurgency-hit countries.,1
1,"A Lebanese test case It #39;s been a long time since Israelis had anything good to say about the United Nations, but last week something positive finally emerged from Turtle Bay, as the Security Council effectively attacked Syria #39;s occupation of Lebanon.",1
1,"Aides cite flu as doctors examine Arafat RAMALLAH, West Bank -- A Tunisian medical team examined Yasser Arafat in the West Bank yesterday, but aides dismissed Israeli media reports that the Palestinian leader's health had deteriorated and said he had the flu.",1
1,"Senior Chinese Leader to Visit N.Korea Next Week Senior Chinese leader Li Changchun is to visit North Korea next week, the Xinhua news agency reported on Saturday as China tries to coax Pyongyang into fresh talks on the crisis over its nuclear ambitions.",1
1,"Feds anticipate 6,000 will be added annually to new sex offender registry (Canadian Press) Canadian Press - OTTAWA (CP) - A national sex offender registry came into force Wednesday, requiring convicted offenders to register within 15 days after being released from prison, or if they're ordered to register.",1
3,Symantec Nearly Doubles Quarterly Revenue Symantec Wednesday said fiscal second-quarter earnings more than doubled over the previous year as the company saw growth across all of its business segments.,3
3,Trojan targets UK online bank accounts Virus writers have created a new Trojan horse capable of helping crooks to break into the accounts of British internet banking customers.,3
3,"IBM Stock Is Rising in Pre-Market Trading (AP) AP - International Business Machines Corp. stock rose in pre-market trading Tuesday, a day after the the company reported better than expected earnings for the third quarter.",3
3,Taking the Microsoft Rorschach test CNET News.com's Charles Cooper asks what it is about Microsoft that pushes so many people straight over the edge?,3
3,"CompactFlash card takes licking, keeps ticking Bridge demolition destroys digital camera, but CompactFlash card hangs on to bridge's final moments.",3
3,Microsoft slowly rolling on Service Pack 2 updates Microsoft is starting to ramp up distribution of its massive security update for the Windows XP operating system. But analysts say they still expect the company to move at a relatively slow pace to avoid widespread glitches.,3
3,"SP2 Fights Worms, Has Bugs Microsoft's Web site lists about 40 software programs that may be hampered when its Service Pack 2 is installed and 50 that don't seem to be compatible at all -- these aren't obscure titles, either.&lt;br&gt;&lt;FONT face=""verdana,MS Sans Serif,arial,helvetica"" size=""-2""\ color=""#666666""&gt;&lt;B&gt;-The Washington Post&lt;/b&gt;&lt;/font&gt;",3
3,"Gateway taps out photo, MP3 player beat The PC maker is coming out with its own hard-drive-based MP3 player--a miniature unit that displays color photos.",3
3,"Sun, Dell Lead Server Sales (PC World) PC World - Low-cost Linux and Windows servers are outselling Unix models, Gartner analysts say.",3
3,"McAfee, CA integrate anti-spyware (InfoWorld) InfoWorld - As pests, adware, and other malicious applications infiltrate corporate computers with greater frequency, some vendors, including McAfee and Computer Associates, are bundling anti-spyware into security management suites, giving IT more tools to control the hazard.",3
3,"Study: Arctic Radiation Levels Declining (AP) AP - Atomic radiation levels are beginning to decline in the Arctic, years after Soviet aboveground nuclear weapons tests and the Chernobyl nuclear accident spewed their fallout over the region, according to a study released Tuesday.",3
3,"Microsoft, Apple and the HP Gambit HP knows it can #39;t depend on Microsoft for marketing. This has been particularly clear throughout its relationship with the company.",3
3,"SCO Finds a Drop of Common Sense? SCO, possibly one of the few companies to regard litigation as its main revenue stream, is considering scrapping plans to launch a corporate  quot;pro-SCO quot; law and review site.",3
3,"Hello, halitosis ZDNet #39;s survey of IT professionals in August kept Wired  amp; Wireless on top for the 18th month in a row. Siemens Mobile is developing the first mobile phone that will alert people when their breath stinks, the company said Tuesday.",3
3,"DoCoMo has 1Gbps link The future of wireless looks to be a showdown in wireless 1Gbps (1 gigabit per second) technologyjust weeks after Siemens announced it was working on technology to transmit 1Gbps wirelessly, NTT DoCoMo announces the same thing.",3
3,"Duke Enrollment Package: New iPod Instead of the usual Blue Devils T-shirt and ball cap, Duke University freshmen receive a free iPod engraved with the school's crest. The school hopes the devices will be used for recording lectures and capturing scientific data.",3
3,"Windows XP SP2 respite to end After a nine-day postponement, Microsoft Corp. on Wednesday plans to start pushing out Windows XP Service Pack 2 (SP2) to PCs running Windows XP Professional Edition.",3
3,"Lenovo May Be in Acquisition Talks With IBM (AP) AP - China's biggest computer maker said Tuesday it is in acquisition talks with a major international technology company, a disclosure which comes amid reports it might buy IBM Corp.'s personal computer business.",3
3,"Antarctic Glaciers Melting Faster -Study (Reuters) Reuters - Glaciers once held up by a floating\ice shelf off Antarctica are now sliding off into the sea --\and they are going fast, scientists said on Tuesday.",3
3,Microsoft debuts desktop search tool Microsoft Corp. yesterday made its debut in the suddenly ultracompetitive market for helping people find elusive files and information on their computer hard drives.,3
3,Nokia and Vodafone link on mobile Java standards Nokia and Vodafone have begun a mobile service architecture initiative to help define the next generation of mobile Java standards.,3
3,"Sears Takes On Cyberspace Sears, Roebuck and Co., which has successfully sold its tools and appliances on the web, is counting on having the same magic with bedspreads and sweaters, thanks in part to expertise gained by its purchase of Lands #39; End.",3
3,Lava Gives Mount St. Helens Eerie Glow (AP) AP - The molten rock rising inside Mount St. Helens is giving the peak an eerie red glow at night.,3
3,"Zero G Flights Could Bolster Space Tourism, Research Industries (SPACE.com) SPACE.com - Floating free above Earth and carrying out an experiment in space has long been the preserve of orbiting travelers, but at taxpayer's expense.",3
3,Law Fights to Keep Pace With Tech Federal and industry experts grapple with how to apply CALEA wiretap standards to something that lawmakers didn't anticipate 10 years ago -- voice over IP. Michael Grebb reports from Washington.,3
3,"Giving Voice to Video Games As video games take on an ever slicker, more cinematic feel, developers are increasingly turning to cartoon actors, movie-trailer announcers and even film stars to read the lines.",3
3,"FDA Considers Morning-After Pill for Teens By MARTHA IRVINE    CHICAGO (AP) -- Some see easy access to emergency contraception as a way to drastically reduce teen pregnancy, already on the decline since the early 1990s. Others worry that its long-term effects on young women are unknown or argue that the drug, also known as the ""morning after pill,"" encourages teens to have sex...",3
3,"Google Launches Mobile Messaging Service Putting some truth the rampant rumors that Google was getting into the instant messaging business, the company has announced the beta test release of Google SMS, the mobile phone equivalent of IM.",3
3,"Google Books and GMail Plans Google Books and GMail Plans\\Google has not had anything big for us since it went public some time ago. Now, it is back with some news that could worry biggies like Amazon and Barnes and Noble. It has decided to get into book selling business. The service is called Google ...",3
3,PalmOne Announces SD WiFi Card palmOne today announces that it is to provide a second level of wireless connectivity for Tungsten T3 and Zire 72 handheld users with the introduction of its first Wi-Fi card. Developed specifically for handheld owners who want to complement the ...,3
3,"HP iPod nearly same as Apple #39;s Hewlett-Packard on Friday unveiled its much-anticipated HP-branded iPod, a deal that instantly gives the company a popular product and greatly extends the retail reach of its partner, Apple Computer.",3
3,"Blair Said to Seek New Climate Pact with Bush (Reuters) Reuters - British Prime Minister Tony Blair is\trying to involve the United States in a new international\treaty on global warming, The Times newspaper said on Thursday.",3
3,"Racers Rely on High-Octane Data For today's IndyCar drivers, risking their lives on over 200-mph turns isn't enough to guarantee a shot at victory. Racers also rely on sophisticated data-analysis software to constantly monitor their car's inner workings. By Patrick Karle.",3
3,"Epson builds lightest, smallest micro-flying robot EPSON HAS ANNOUNCED that it has developed a successor to the FR  the world #39;s smallest and lightest micro-flying robot. The FR-II uses micromechatronics technology, and features Bluetooth wireless control and independent flight. It #39;ll go on show at the ...",3
3,"The Beatles Sue Apple Computer Giants Apple are facing the biggest legal payout in history as they once again battle their courtroom nemesis, also named Apple.",3
3,Maxtor loses its CFO--again It's the second time this year the disk drive maker has seen its CFO resign.,3
3,"Strine tips his hand (TheDeal.com) TheDeal.com - The judge, who will not rush to return a verdict in the Oracle-PeopleSoft case, indicates PeopleSoft can keep its CAP.",3
3,"Microsoft rolls out embedded Windows XP Hoping to whet the appetite of developers specializing in mobile and embedded devices, Microsoft on Monday made available a free technology preview of Windows XP Embedded containing Service Pack 2 (SP2) that it expects to deliver by year's end.",3
3,"Storage market grows, HP's share shrinks Hewlett-Packard Co. (HP) held on to its lead in the disk storage systems market in the second quarter, but saw a decline in revenue and market share, according to a survey by market researcher IDC published Friday.",3
3,Search Engine Forums Spotlight Links to this week's topics from search engine forums across the web: Google Is Doomed Long Term - Search Engine Friendly E-Commerce Design From Ground Up - Why Does Google Still Value 'Bought Links' - SEO for Google Using CSS - Cloaking 101 - Questions and Answers - No Joy With Listings in Yahoo!,3
3,"Borland to tout tool for building Microsoft apps San Jose, Calif. - Borland Software at its BorCon conference here on Monday will preview the upcoming Diamondback release of its Delphi development tool for the Microsoft platform, which is to support development via managed code.",3
3,"IDC sees continuing decline in PDA market For the third straight quarter, shipments of handheld devices fell as some prominent vendors decided to pull back from the market, according to research firm IDC.",3
3,"Space flight tickets to be sold Anyone who wants to go into space will be able to do so soon, as long as they #39;ve got a spare 100,000 that is. That #39;s how much a seat will cost on a new service from Sir Richard Branson #39;s company, called Virgin Galactic.",3
3,"JBOSS Releases Application Server 4.0 This middleware offering is touted as the first open source application server to achieve compatibility certification for the Java 2 Platform Enterprise Edition (J2EE) version 1.4 by passing the 23,000 tests of the test compatibility kit.",3
3,Tech Spending Outlook Perks Up CIO Magazine says poll shows IT budgets are expected to grow over the next year.,3
3,"After a Decade, Philips Makes PCs Again (Reuters) Reuters - After an absence of a decade, Philips\Electronics is making personal computers again, the company\said on Thursday.  The Netherlands-based electronics\conglomerate, which abandoned the PC business in the early\1990s after suffering big losses, quietly introduced six models\together with British retailer Dixons earlier this week.",3
3,"Symantec backpedals over mislabelled Trojan Symantec has revoked its decision to blacklist a program that allows Web surfers in China to browse government-blocked Web sites. The move follows reports that the firm labelled the Freegate program, which ",3
3,"FROM THE DESK OF DAVID POGUE Considering Microsoft #39;s ITunes Store n Sept. 2, Microsoft unveiled its iTunes Music Store. That sentence may sound a little strange, but that is, in fact, what happened.",3
3,"Microsoft Faces Suit for Selling  #39;Defective #39; Game Systems Plaintiff Sean Burke claims that  quot;the defective Xboxes stop working after minimal usage, after unreasonably, unconscionably, unusually and unexpectedly short amounts of time.",3
3,Juniper poaches Cisco execs Juniper Networks lands two top Cisco Systems executives to lead a newly developed channel program.,3
3,"Tech Firm to Acquire Intelligence Contractor SI International Inc. announced plans Wednesday to purchase for \$30 million in cash a Columbia company that specializes in technology work for defense intelligence agencies.&lt;FONT face=""verdana,MS Sans Serif,arial,helvetica"" size=""-2"" color=""#666666""&gt;&lt;B&gt;-The Washington Post&lt;/B&gt;&lt;/FONT&gt;",3
3,"Please, More Steam-Powered Games Perhaps just as good as the release of Half-Life 2 this week is the introduction of Steam, a service that lets gamers buy and download sophisticated PC games. It's the way game retailing ought to be. Commentary by Suneel Ratan.",3
3,"Sun's Linux wins right to be considered in Japan They're on a list, and they want to tell us all about it",3
3,"Morning Planets The morning sky this weekend is sparkling. Wake up early to see Mercury, Venus, Saturn and more.",3
3,"Protection plea for reef fish A rare reef fish called the humphead wrasse should be guarded from overfishing, experts have claimed. The WWF and the IUCN-World Conservation Union are set to ask an international trade watchdog to include the fish on its list of protected species.",3
3,"Research In Motion 2Q Profit Soars Research In Motion Ltd., which makes the BlackBerry handheld device and other mobile products, on Thursday said its second-quarter profit rose significantly on improved sales.",3
3,"Google Adds POP3 Support to Gmail Google has announced plans to beef up its Gmail service with POP, or post office protocol, over the next couple of weeks. The feature, announced yesterday, will allow users to use other ",3
3,"Panasonic adds smart card function to SD memory Matsushita Electric Industrial Co. Ltd., better known for its Panasonic brand, will start selling SD (Secure Digital) memory cards that can be used as smart cards in Japan by the end of 2005, the company said Friday.",3
3,Alcatel wins \$1.7 billion SBC contract SBC Communications taps the French telecom equipment maker to upgrade its network with fiber-optic technology.,3
3,Cuts in Carbon Dioxide Emissions Urged (AP) AP - The world's chief climate scientist on Tuesday disputed the U.S. government contention that cutbacks in carbon dioxide emissions are not yet warranted to check global warming.,3
3,U.K. officials criticize secrecy in EDS system probe The U.K. government is under fire from Parliament over IT system failures at the Department of Work and Pensions' Child Support Agency and what members see as secrecy surrounding government efforts to identify and fix problems.,3
3,"In Brief: Neon Systems acquires ClientSoft Neon Systems, a provider of mainframe integration solutions for Microsoft .Net and Java applications, has acquired ClientSoft for \$10.5 million in cash and the rights to purchase 1.1 million shares of Neon stock. The privately held ClientSoft specializes in secure, high-performance integration solutions for mainframe Web services. The purchase, which adds 180 customers to Neon's base of 300 customers, brings together Neon's Shadow z/Services and ClientSoft's ServiceBuilder product lines and should provide customers with a robust set of solutions to support service-oriented architectures (SOAs).\\",3
3,"Red Hat names new services executive Kate Johnson will oversee global training, support and consulting services from the company's headquarters.",3
3,"Oracle e-mails urge scare tactics Internal e-mail messages show Oracle aimed its takeover bid in part to sow doubt about PeopleSoft, CNET News.com has learned.",3
3,"Nintendo President Shrugs Off PSP Following on from the hugely successful launch of the Nintendo DS across America and Japan, Satoru Iwata President Nintendo Co. has today shrugged off the challenge of the impending release of the Sony PSP.",3
3,"Report: U.S. to Crack Down on Pirated Material  NEW YORK (Reuters) - U.S. officials are expected to  announce on Monday a coordinated crackdown on the theft of U.S.  intellectual property such as pirated compact discs and  knockoff auto parts, the Wall Street Journal reported on  Monday,",3
3,"Hollywood pilots fail to catch sun WASHINGTON: NASA #39;s Genesis space capsule slammed into the Utah desert Wednesday after its parachutes failed, leaving doubts if its invaluable cargo of microcosmic solar dust survived the journey to Earth.",3
3,"Are You A Comfort Addict? Do you find yourself unsatisfied, but unable to work out why?  Do you find yourself nodding during Fight Club when Tyler Durden tells his recruits that their struggle is a philosophical one... only to be dismayed with his idea of a solution?  Is everything okay, but nothing great?    You could well be a comfort addict. ",3
3,"Bill Proposals Call for Cybersecurity Enhancements As the 108th Congress scrambles in its final days to address homeland security issues, US Reps. Mac Thornberry (R-Texas) and Zoe Lofgren (D-Calif.",3
3,"eCOST.com Cuts IPO Price to  #36;7 a Share from  #36;9- #36;11 (Reuters) Reuters - Online discount retailer eCOST.com\said on Wednesday that it expects its planned initial public\offering will price at  #36;7 per share, a reduction from its\previously stated range of  #36;9 to  #36;11 per share.",3
3,"Spammers Hijack Sender ID Microsoft #39;s E-mail-filter technology, Sender ID, is unpopular with open-source advocates but popular with spammers, who are using it to bypass other filters.",3
3,"MSBlast suspect pleads guilty The 19-year-old faces up to 37 months in prison after admitting to creating the ""MSBlast.B"" variant.",3
3,"News: Source: Hollywood to sue server operators behind BitTorrent, eDonkey The Associated Press By Alex Veiga",3
3,Feds to Consider Protection for Lamprey (AP) AP - The U.S. Fish and Wildlife Service has agreed to review whether four species of lamprey found on the West Coast should be protected by the Endangered Species Act.,3
3,"Report: Enterprises Go Outside for Security Help (NewsFactor) NewsFactor - It is no secret that enterprise networks are increasingly under attack from a variety of sources that are difficult to thwart. To address the problem, many are turning to outside security providers, which is driving \the rapid evolution of new safeguarding technologies, according to \research conducted by the Yankee Group.",3
3,WAR ON SPAMMIES MAKE love not spam. That #39;s the offensive that Lycos Europe is launching against spam-spewing servers. The secret weapon: A screensaver program that automatically hits the offenders with data to slow them down.,3
3,"Microsoft loses FAT patent, wins Smart Tag case Microsoft Corp. is fighting a rejection by US patent authorities of a patent for its FAT (file allocation table) file system, the company said Thursday.",3
3,"worm has turned for teen virus king Sven Jaschan, 18, from Germany, faces up to five years in prison for writing and spreading the Sasser and Netsky worms, said to have cost businesses around the world millions of pounds.",3
3,"Sony, IBM, Toshiba say powerful chip to start production in 2005 SAN JOSE, Calif. A long-awaited microprocessor developed by IBM, Sony, and Toshiba will go into production next year and start appearing in video game consoles and high-definition T-Vs in 2006.",3
3,"Oracle apps upgrade to ship within 60 days SEPTEMBER 06, 2004 (IDG NEWS SERVICE) - Customers will be able to get their hands on the delayed version of Oracle Corp. #39;s E-Business Suite 11i.",3
3,Intel Launches Storage Processor Intel also unveiled a key optical design win with Emulex Corporation and a new compiler for storage applications. Intel introduced the 64 bit-capable Low Voltage Intel Xeon Processor 2.8 GHz with 800 ,3
3,"Berners-Lee returns to UK p2pnet.net News - Sir Tim Berners-Lee, the man who invented the World Wide Web, is going home to England where he #39;s been appointed a professor at Southampton University.",3
3,"SpaceShipOne lands MOJAVE, California: SpaceShipOne landed safely in the California desert yesterday after a wild corkscrew-like ascent into space, and is now a step closer to a \$10 million (BD3.",3
3,"Good bio sensor news for diabetics New Delhi: American nanotechnology researchers at the University of Illinois have demonstrated a tiny, implantable detector that could one day allow diabetics to monitor their glucose levels continuously without ever having to draw a blood sample.",3
3,New Internet worm disguised e-Christmas card Internet security experts have warned of a new virulent email worm particularly successful in infecting computers as it is disguised as a multilingual electronic Christmas card.,3
3,"Bush and Kerry go head to head on science In the run up to the US presidential election, the science journal Nature has put 15 questions on current science debates to both candidates.",3
3,"Vonage talks of 911 advancements In Rhode Island, will there be an answer to a major problem for the Internet phone industry?\",3
3,"Infocus: Trends in Web Application Security This article discusses current trends in penetration testing for web application security, and in particular discusses a framework for selecting the best tool or tools to use for these increasingly common type of application.",3
3,"Space Station Concerns Reduced As a new crew prepares to lift off tomorrow for the international space station, NASA officials say they are less worried than they were two weeks ago about problems with its oxygen generator and growing shortages of food and spare parts.",3
3,"PeopleSoft devotees in denial? com September 22, 2004, 5:38 PM PT. This fourth priority #39;s main focus has been improving or obtaining CRM and ERP software for the past year and a half.",3
3,Qwest Agrees to SEC Settlement The regional telecommunications company Qwest agreed Thursday to pay \$250 million to settle allegations that it improperly booked millions in revenue and that senior managers sought to cover it up.,3
3,Enter your e-mail: System administrators who have been installing Windows XP Service Pack 2 on their own PCs and on test systems are reporting the results of their practice runs to the SANS Institute Web site--and the failure rate seems to be pretty high. ,3
3,"IBM, AMD Work to Shrink Chips IBM and Advanced Micro Devices have tacked a three-year extension onto their December 2002 collaboration agreement that could see the two companies work on chip-making technologies based on a 32-nanometer process.",3
3,New GNOME version is available for Linux users A new version of GNOME (GNU Network Object Model Environment) desktop interfaces is now available for download.,3
3,"RIM signs BT to sell Blackberry BT is to offer Research in Motion #39;s Blackberry mobile email and personal information management system, the UK telco said today.",3
3,"Airline's interest in mile-high Wi-Fi dives In-flight broadband still too expensive and immature, British Airways CEO says.",3
3,"New trojan program squashes adware A new Trojan horse program that attacks and removes troublesome advertising software, known as ""adware,"" is circulating on the Internet, according to antivirus company Symantec Corp.",3
3,"Melting Swiss Glaciers Threaten Alps - Scientist (Reuters) Reuters - Switzerland's glaciers are melting\faster than expected, shrinking by as much as one-fifth of\their size over the 1985-2000 period alone, scientists at\Zurich University said on Monday.",3
3,Sri Lanka #39;s Internet down after damage to submarine cable Sri Lanka #39;s main telecommunications provider says an Indian cargo ship snapped an undersea fiber optic cable that is a key Internet link between the tropical island and the rest of the world.,3
3,"George Lucas Does Dystopia, Too The Star Wars director's first film, THX 1138, is no masterpiece. But it shows glimpses of the storytelling skill and imagination that became evident in his later movies. Jason Silverman reviews the re-released film.",3
